direction,halfhour,stop_id,nextstop,paxhourstotal,paxhoursuncomfortable
0,4:30:00,5611,5612,,0
0,5:00:00,8310,2832,0.103477881,0
0,5:00:00,5629,5630,,
0,5:00:00,5628,5629,3.75E-05,0
0,5:00:00,5627,5628,0.000185082,0
0,5:00:00,5626,5627,0.001106687,0
0,5:00:00,5625,5626,0.002833848,0
0,5:00:00,5624,5625,0.007200411,0
0,5:00:00,5623,5624,0.007946536,0
0,5:00:00,5621,5623,0.008380213,0
0,5:00:00,5620,5621,0.014430933,0
0,5:00:00,5619,5620,0.018886111,0
0,5:00:00,5618,5619,0.023549417,0
0,5:00:00,56170,5618,0.045431413,0
0,5:00:00,5615,56170,0.063161077,0
0,5:00:00,5614,5615,0.107679938,0
0,5:00:00,5613,5614,0.098908985,0
0,5:00:00,5612,5613,0.147692764,0
0,5:00:00,5611,5612,0.247519856,0
0,5:00:00,2832,2833,1.686886488,0
0,5:00:00,2833,5611,0.739072531,0
0,5:30:00,5611,5612,0.400309054,0
0,5:30:00,8310,2832,0.789386008,0
0,5:30:00,5636,5547,0.017738992,0
0,5:30:00,5633,5636,0.023720405,0
0,5:30:00,5632,5633,0.023103807,0
0,5:30:00,5631,5632,0.021493278,0
0,5:30:00,5630,5631,0.022269239,0
0,5:30:00,5629,5630,0.022312997,0
0,5:30:00,5628,5629,0.022455761,0
0,5:30:00,5627,5628,0.02445679,0
0,5:30:00,5626,5627,0.028241633,0
0,5:30:00,5625,5626,0.044523525,0
0,5:30:00,5624,5625,0.041429149,0
0,5:30:00,5623,5624,0.036912414,0
0,5:30:00,5621,5623,0.03790799,0
0,5:30:00,5620,5621,0.035377195,0
0,5:30:00,5619,5620,0.041244788,0
0,5:30:00,5618,5619,0.040311797,0
0,5:30:00,56170,5618,0.055898183,0
0,5:30:00,5615,56170,0.072704493,0
0,5:30:00,5614,5615,0.175958265,0
0,5:30:00,5613,5614,0.200478635,0
0,5:30:00,2832,2833,1.692026338,0
0,5:30:00,2833,5611,1.219977881,0
0,5:30:00,5612,5613,0.25651701,0
0,6:00:00,2832,2833,3.310195233,0
0,6:00:00,5613,5614,0.504283642,0
0,6:00:00,5612,5613,0.77978131,0
0,6:00:00,5614,5615,0.533394307,0
0,6:00:00,5615,56170,0.255596125,0
0,6:00:00,56170,5618,0.177021639,0
0,6:00:00,5618,5619,0.131429561,0
0,6:00:00,5619,5620,0.113884774,0
0,6:00:00,5620,5621,0.112336283,0
0,6:00:00,5621,5623,0.101301269,0
0,6:00:00,5623,5624,0.102717798,0
0,6:00:00,5624,5625,0.149114712,0
0,6:00:00,5625,5626,0.145485597,0
0,6:00:00,5626,5627,0.072552812,0
0,6:00:00,5627,5628,0.062673937,0
0,6:00:00,5628,5629,0.057361968,0
0,6:00:00,5629,5630,0.052741975,0
0,6:00:00,5630,5631,0.052227744,0
0,6:00:00,5631,5632,0.052755796,0
0,6:00:00,5632,5633,0.050673731,0
0,6:00:00,5633,5636,0.058295062,0
0,6:00:00,5636,5547,0.053554801,0
0,6:00:00,8310,2832,0.903529218,0
0,6:00:00,5611,5612,1.04251845,0
0,6:00:00,2833,5611,2.256482888,0
0,6:30:00,5611,5612,0.718815672,0
0,6:30:00,2832,2833,1.76874345,0
0,6:30:00,2833,5611,1.905083608,0
0,6:30:00,5612,5613,0.600212517,0
0,6:30:00,5613,5614,0.389156276,0.009415295
0,6:30:00,5614,5615,0.3939619,0.007532236
0,6:30:00,5615,56170,0.228714712,0
0,6:30:00,56170,5618,0.182670302,0
0,6:30:00,5618,5619,0.113308539,0
0,6:30:00,5619,5620,0.110560734,0
0,6:30:00,5620,5621,0.115360425,0
0,6:30:00,5621,5623,0.124695919,0
0,6:30:00,5623,5624,0.115527846,0
0,6:30:00,5624,5625,0.141196674,0
0,6:30:00,5625,5626,0.122789918,0
0,6:30:00,5626,5627,0.060931687,0
0,6:30:00,5627,5628,0.052354184,0
0,6:30:00,5628,5629,0.056829938,0
0,6:30:00,5629,5630,0.054060974,0
0,6:30:00,5630,5631,0.05384513,0
0,6:30:00,5631,5632,0.054277881,0
0,6:30:00,5632,5633,0.052609465,0
0,6:30:00,5633,5636,0.054210117,0
0,6:30:00,5636,5547,0.051480658,0
0,6:30:00,8310,2832,1.094706413,0.042355556
0,7:00:00,5610,5601,0.002039506,0
0,7:00:00,5611,5612,1.090306001,0.076101166
0,7:00:00,5612,5613,0.684633951,0.05758666
0,7:00:00,2832,2833,4.050202435,0.200496605
0,7:00:00,5613,5614,0.651523971,0
0,7:00:00,2833,5611,2.82159832,0.261186591
0,7:00:00,8310,2832,1.770275,0.151515706
0,7:00:00,5751,5610,0.002622222,0
0,7:00:00,5750,5751,0.001790809,0
0,7:00:00,5636,5547,0.045014986,0
0,7:00:00,5633,5636,0.052110837,0
0,7:00:00,5632,5633,0.047937689,0
0,7:00:00,5631,5632,0.048932785,0
0,7:00:00,5630,5631,0.047518038,0
0,7:00:00,5629,5630,0.04821869,0
0,7:00:00,5628,5629,0.05061334,0
0,7:00:00,5627,5628,0.049208779,0
0,7:00:00,5626,5627,0.208689541,0
0,7:00:00,5625,5626,0.131619753,0
0,7:00:00,5624,5625,0.122209362,0
0,7:00:00,5623,5624,0.113759636,0
0,7:00:00,5621,5623,0.118360494,0
0,7:00:00,5620,5621,0.152705487,0
0,7:00:00,5619,5620,0.120337757,0
0,7:00:00,5618,5619,0.150016358,0
0,7:00:00,56170,5618,0.246743587,0
0,7:00:00,5617,5750,0.002050309,0
0,7:00:00,5615,56170,0.38662013,0
0,7:00:00,5615,5617,0.005050309,0
0,7:00:00,5614,5615,0.698575034,0
0,7:30:00,5620,5621,0.154196091,0
0,7:30:00,8310,2832,1.917453875,0.219735357
0,7:30:00,5751,5610,0.005983402,0
0,7:30:00,5750,5751,0.003610905,0
0,7:30:00,5636,5547,0.045330796,0
0,7:30:00,5633,5636,0.043508573,0
0,7:30:00,5632,5633,0.044019959,0
0,7:30:00,5631,5632,0.046871262,0
0,7:30:00,5630,5631,0.046996331,0
0,7:30:00,5629,5630,0.053238786,0
0,7:30:00,5628,5629,0.063360322,0
0,7:30:00,5627,5628,0.062834088,0
0,7:30:00,5626,5627,0.070145713,0
0,7:30:00,5625,5626,0.199645199,0
0,7:30:00,5624,5625,0.145918381,0
0,7:30:00,5623,5624,0.134070508,0
0,7:30:00,5621,5623,0.124205487,0
0,7:30:00,5619,5620,0.125035082,0
0,7:30:00,5618,5619,0.150560597,0
0,7:30:00,56170,5618,0.298484534,0
0,7:30:00,5617,5750,0.003668587,0
0,7:30:00,5615,56170,0.335157648,0
0,7:30:00,5615,5617,0.006099863,0
0,7:30:00,5614,5615,0.659297359,0
0,7:30:00,5613,5614,0.62237963,0
0,7:30:00,5612,5613,0.658905213,0.028909499
0,7:30:00,5611,5612,0.834157167,0.027122359
0,7:30:00,5610,5601,0.003979115,0
0,7:30:00,2833,5611,2.546995988,0.070808436
0,7:30:00,2832,2833,2.237735905,0.185260254
0,8:00:00,5615,56170,0.278088992,0.012565946
0,8:00:00,8310,2832,1.845192456,0.126502949
0,8:00:00,5751,5610,0.011434568,0
0,8:00:00,5750,5751,0.011362997,0
0,8:00:00,5636,5547,0.033434911,0.012753498
0,8:00:00,5633,5636,0.034903807,0.012753498
0,8:00:00,5619,5620,0.096145851,0.012565946
0,8:00:00,5618,5619,0.11435096,0.012753498
0,8:00:00,56170,5618,0.199214232,0.012753498
0,8:00:00,5617,5750,0.015022565,0
0,8:00:00,5632,5633,0.034130281,0.012753498
0,8:00:00,5631,5632,0.038493587,0.012565946
0,8:00:00,5620,5621,0.093618724,0.012753498
0,8:00:00,5630,5631,0.039391427,0.012753498
0,8:00:00,5629,5630,0.051482373,0.012753498
0,8:00:00,5628,5629,0.053765535,0.012753498
0,8:00:00,5627,5628,0.058572085,0.012565946
0,8:00:00,5626,5627,0.063209122,0.012753498
0,8:00:00,5625,5626,0.11131118,0.012753498
0,8:00:00,5624,5625,0.090877401,0.012565946
0,8:00:00,5623,5624,0.08804537,0.012753498
0,8:00:00,5621,5623,0.086191564,0.012753498
0,8:00:00,2832,2833,5.306491358,0.13308083
0,8:00:00,2833,5611,3.478075583,0.300781481
0,8:00:00,5610,5601,0.008417353,0
0,8:00:00,5611,5612,1.2496,0.117769856
0,8:00:00,5612,5613,0.800960425,0.060241289
0,8:00:00,5613,5614,0.740053532,0.012753498
0,8:00:00,5614,5615,0.681263546,0.012753498
0,8:00:00,5615,5617,0.021184842,0
0,8:30:00,2833,5611,3.572785391,0.035259671
0,8:30:00,8310,2832,1.405719204,0.184843656
0,8:30:00,5751,5610,0.028178704,0
0,8:30:00,5750,5751,0.026859122,0
0,8:30:00,5636,5547,0.024184191,0
0,8:30:00,5633,5636,0.02567963,0
0,8:30:00,5632,5633,0.024186728,0
0,8:30:00,5631,5632,0.025691941,0
0,8:30:00,5630,5631,0.025292318,0
0,8:30:00,5629,5630,0.028143759,0
0,8:30:00,5628,5629,0.031613409,0
0,8:30:00,5627,5628,0.038998868,0
0,8:30:00,5626,5627,0.050559739,0
0,8:30:00,5625,5626,0.095667627,0
0,8:30:00,5624,5625,0.079357922,0
0,8:30:00,5623,5624,0.076072634,0
0,8:30:00,5621,5623,0.070185871,0
0,8:30:00,5620,5621,0.076679698,0
0,8:30:00,5619,5620,0.073340158,0
0,8:30:00,5618,5619,0.092417867,0
0,8:30:00,56170,5618,0.130718827,0
0,8:30:00,5617,5750,0.033334911,0
0,8:30:00,5615,56170,0.191153601,0
0,8:30:00,5615,5617,0.087497085,0
0,8:30:00,5614,5615,0.585511488,0
0,8:30:00,5613,5614,0.542800377,0.035259671
0,8:30:00,5612,5613,0.746683985,0.052882956
0,8:30:00,5611,5612,1.209287243,0.073362449
0,8:30:00,5610,5601,0.033357853,0
0,8:30:00,2832,2833,4.379558642,0.184843656
0,9:00:00,2832,2833,2.791010631,0.084538478
0,9:00:00,5619,5620,0.072211283,0
0,9:00:00,5620,5621,0.071957202,0
0,9:00:00,5621,5623,0.060230658,0
0,9:00:00,5623,5624,0.062736934,0
0,9:00:00,5624,5625,0.068406104,0
0,9:00:00,5625,5626,0.071022771,0
0,9:00:00,5626,5627,0.037094719,0
0,9:00:00,5627,5628,0.029872839,0
0,9:00:00,5628,5629,0.018826886,0
0,9:00:00,5629,5630,0.015794993,0
0,9:00:00,5630,5631,0.014166427,0
0,9:00:00,5631,5632,0.015514781,0
0,9:00:00,5632,5633,0.010457339,0
0,9:00:00,5633,5636,0.010135117,0
0,9:00:00,8310,2832,2.164747531,0.112807064
0,9:00:00,5751,5610,0.045711386,0
0,9:00:00,5750,5751,0.040303909,0
0,9:00:00,5636,5547,0.009019204,0
0,9:00:00,5610,5601,0.040815123,0
0,9:00:00,5611,5612,1.273199726,0.076911488
0,9:00:00,5612,5613,0.844230281,0.063997428
0,9:00:00,5613,5614,0.557383676,0.003757716
0,9:00:00,5614,5615,0.587782922,0
0,9:00:00,5615,5617,0.051154527,0
0,9:00:00,5615,56170,0.211998183,0
0,9:00:00,5617,5750,0.046492833,0
0,9:00:00,56170,5618,0.164559465,0
0,9:00:00,5618,5619,0.099853909,0
0,9:00:00,2833,5611,3.062719753,0.269428395
0,9:30:00,5624,5625,0.100214506,0
0,9:30:00,5610,5601,0.037608265,0
0,9:30:00,5611,5612,1.149307408,0
0,9:30:00,5612,5613,0.74153035,0
0,9:30:00,5613,5614,0.576224623,0
0,9:30:00,5614,5615,0.586350926,0
0,9:30:00,5615,5617,0.050504424,0
0,9:30:00,5615,56170,0.255797256,0
0,9:30:00,5617,5750,0.038434671,0
0,9:30:00,56170,5618,0.163965226,0
0,9:30:00,5618,5619,0.113750309,0
0,9:30:00,5619,5620,0.090237174,0
0,9:30:00,5620,5621,0.096270953,0
0,9:30:00,5621,5623,0.143260597,0
0,9:30:00,5623,5624,0.090021262,0
0,9:30:00,2833,5611,2.709009499,0.014930453
0,9:30:00,5625,5626,0.173641015,0
0,9:30:00,5626,5627,0.058050686,0
0,9:30:00,5627,5628,0.048343416,0
0,9:30:00,5628,5629,0.044570508,0
0,9:30:00,5629,5630,0.027596159,0
0,9:30:00,5630,5631,0.024682476,0
0,9:30:00,5631,5632,0.023912277,0
0,9:30:00,5632,5633,0.018333436,0
0,9:30:00,5633,5636,0.018516941,0
0,9:30:00,5636,5547,0.012036317,0
0,9:30:00,5750,5751,0.034060803,0
0,9:30:00,5751,5610,0.036952709,0
0,9:30:00,8310,2832,2.12886358,0.014411111
0,9:30:00,2832,2833,3.184265021,0.01445559
0,10:00:00,5618,5619,0.112363306,0
0,10:00:00,5636,5547,0.02365583,0
0,10:00:00,5633,5636,0.022986351,0
0,10:00:00,5632,5633,0.02038299,0
0,10:00:00,5631,5632,0.029247222,0
0,10:00:00,5630,5631,0.027814506,0
0,10:00:00,5629,5630,0.030292284,0
0,10:00:00,5628,5629,0.034190535,0
0,10:00:00,5627,5628,0.041696399,0
0,10:00:00,5626,5627,0.049135803,0
0,10:00:00,5625,5626,0.102762654,0
0,10:00:00,5624,5625,0.080320782,0
0,10:00:00,5623,5624,0.078418621,0
0,10:00:00,5621,5623,0.073099006,0
0,10:00:00,5617,5750,0.020476989,0
0,10:00:00,5615,56170,0.395503121,0
0,10:00:00,5615,5617,0.031523148,0
0,10:00:00,5614,5615,0.519747668,0
0,10:00:00,5613,5614,0.469711317,0
0,10:00:00,5750,5751,0.01876166,0
0,10:00:00,5751,5610,0.019759568,0
0,10:00:00,8310,2832,2.731516392,0.013790912
0,10:00:00,5612,5613,0.763072051,0.004812449
0,10:00:00,2832,2833,6.706523388,0.013790912
0,10:00:00,2833,5611,3.179692833,0.028834054
0,10:00:00,5610,5601,0.016872839,0
0,10:00:00,5611,5612,1.317905899,0.007441392
0,10:00:00,5620,5621,0.084983128,0
0,10:00:00,5619,5620,0.08668882,0
0,10:00:00,56170,5618,0.19448594,0
0,10:30:00,5620,5621,0.137971022,0
0,10:30:00,5618,5619,0.17216941,0
0,10:30:00,56170,5618,0.277703498,0
0,10:30:00,5617,5750,0.068046571,0
0,10:30:00,5615,56170,0.503852538,0
0,10:30:00,5615,5617,0.12391214,0
0,10:30:00,5614,5615,0.90011094,0
0,10:30:00,5613,5614,0.743988032,0
0,10:30:00,5628,5629,0.042971742,0
0,10:30:00,5629,5630,0.032794822,0
0,10:30:00,5630,5631,0.028598457,0
0,10:30:00,5631,5632,0.029503292,0
0,10:30:00,5632,5633,0.020198251,0
0,10:30:00,5633,5636,0.019549623,0
0,10:30:00,5636,5547,0.018764986,0
0,10:30:00,5750,5751,0.060902435,0
0,10:30:00,5751,5610,0.077432133,0
0,10:30:00,8310,2832,1.284496399,0
0,10:30:00,2833,5611,4.267616187,0.01751965
0,10:30:00,5610,5601,0.060521433,0
0,10:30:00,5611,5612,1.662079253,0.004148148
0,10:30:00,5612,5613,1.04692644,0.003041975
0,10:30:00,2832,2833,5.097033676,0
0,10:30:00,5627,5628,0.061120919,0
0,10:30:00,5626,5627,0.083393759,0
0,10:30:00,5625,5626,0.155299383,0
0,10:30:00,5624,5625,0.137799143,0
0,10:30:00,5623,5624,0.11871941,0
0,10:30:00,5621,5623,0.120400171,0
0,10:30:00,5619,5620,0.136565261,0
0,11:00:00,2833,5611,3.557522737,0.120294239
0,11:00:00,8310,2832,3.561614815,0.120706962
0,11:00:00,5751,5610,0.070350274,0
0,11:00:00,5750,5751,0.061809979,0
0,11:00:00,5636,5547,0.024116152,0
0,11:00:00,5633,5636,0.023893793,0
0,11:00:00,5632,5633,0.023856722,0
0,11:00:00,5631,5632,0.033455178,0
0,11:00:00,5630,5631,0.031701749,0
0,11:00:00,5629,5630,0.035158093,0
0,11:00:00,5628,5629,0.042879081,0
0,11:00:00,5627,5628,0.064033436,0
0,11:00:00,5626,5627,0.076100789,0
0,11:00:00,5625,5626,0.137079012,0
0,11:00:00,5624,5625,0.126075789,0
0,11:00:00,5623,5624,0.103047874,0
0,11:00:00,5621,5623,0.095518004,0
0,11:00:00,5620,5621,0.103623457,0
0,11:00:00,5619,5620,0.112988409,0
0,11:00:00,5618,5619,0.140840123,0
0,11:00:00,56170,5618,0.178878841,0
0,11:00:00,5617,5750,0.056441564,0
0,11:00:00,5615,56170,0.357116392,0
0,11:00:00,5615,5617,0.091452915,0
0,11:00:00,5614,5615,0.796419788,0.005345542
0,11:00:00,5613,5614,0.653526166,0.011655693
0,11:00:00,5612,5613,0.955562346,0.039015466
0,11:00:00,5611,5612,1.666659568,0.048847016
0,11:00:00,5610,5601,0.067666564,0
0,11:00:00,2832,2833,4.458540912,0.141222634
0,11:30:00,5627,5628,0.094652503,0
0,11:30:00,8310,2832,2.268903669,0.028882922
0,11:30:00,5751,5610,0.103699589,0
0,11:30:00,5750,5751,0.09050703,0
0,11:30:00,5636,5547,0.032315364,0
0,11:30:00,5633,5636,0.033018416,0
0,11:30:00,5632,5633,0.029562106,0
0,11:30:00,5631,5632,0.048265672,0
0,11:30:00,5630,5631,0.049847737,0
0,11:30:00,5629,5630,0.05761118,0
0,11:30:00,5628,5629,0.06780631,0
0,11:30:00,2832,2833,12.58304362,0.041967764
0,11:30:00,2833,5611,4.705770748,0.035062894
0,11:30:00,5610,5601,0.081478258,0
0,11:30:00,5611,5612,2.178111351,0.061734328
0,11:30:00,5612,5613,1.333827469,0.052601886
0,11:30:00,5613,5614,1.029387483,0
0,11:30:00,5614,5615,1.039279801,0
0,11:30:00,5615,5617,0.146601509,0
0,11:30:00,5615,56170,0.482328086,0
0,11:30:00,5617,5750,0.094044101,0
0,11:30:00,56170,5618,0.285222805,0
0,11:30:00,5618,5619,0.192213443,0
0,11:30:00,5619,5620,0.158636523,0
0,11:30:00,5620,5621,0.189247188,0
0,11:30:00,5621,5623,0.165144342,0
0,11:30:00,5623,5624,0.174046742,0
0,11:30:00,5624,5625,0.203308916,0
0,11:30:00,5625,5626,0.267730556,0
0,11:30:00,5626,5627,0.121160734,0
0,12:00:00,5632,5633,0.061122565,0
0,12:00:00,8310,2832,2.737923457,0.074074726
0,12:00:00,5751,5610,0.078355076,0
0,12:00:00,5750,5751,0.058217353,0
0,12:00:00,5636,5547,0.048309568,0
0,12:00:00,2832,2833,4.696740535,0.018940192
0,12:00:00,2833,5611,4.486913718,0
0,12:00:00,5610,5601,0.065851749,0
0,12:00:00,5611,5612,1.965862997,0
0,12:00:00,5612,5613,1.261445302,0
0,12:00:00,5613,5614,1.032927366,0
0,12:00:00,5614,5615,1.201475309,0
0,12:00:00,5615,5617,0.103904527,0
0,12:00:00,5615,56170,0.722483231,0
0,12:00:00,5617,5750,0.07137572,0
0,12:00:00,56170,5618,0.406529218,0
0,12:00:00,5618,5619,0.254407373,0
0,12:00:00,5619,5620,0.187002058,0
0,12:00:00,5620,5621,0.19732332,0
0,12:00:00,5621,5623,0.187923491,0
0,12:00:00,5623,5624,0.203734054,0
0,12:00:00,5624,5625,0.226973045,0
0,12:00:00,5625,5626,0.256932716,0
0,12:00:00,5626,5627,0.145232613,0
0,12:00:00,5627,5628,0.114379767,0
0,12:00:00,5628,5629,0.091266838,0
0,12:00:00,5629,5630,0.076660151,0
0,12:00:00,5630,5631,0.060120645,0
0,12:00:00,5631,5632,0.065099383,0
0,12:00:00,5633,5636,0.064520748,0
0,12:30:00,2832,2833,11.61827922,1.092946433
0,12:30:00,5628,5629,0.084908059,0
0,12:30:00,5629,5630,0.067229527,0
0,12:30:00,5630,5631,0.058473045,0
0,12:30:00,5631,5632,0.06314369,0
0,12:30:00,5632,5633,0.037995611,0
0,12:30:00,5633,5636,0.038789815,0
0,12:30:00,5636,5547,0.039138443,0
0,12:30:00,5750,5751,0.090226269,0
0,12:30:00,5751,5610,0.103516187,0
0,12:30:00,8310,2832,3.939633299,0.428737551
0,12:30:00,5627,5628,0.093308848,0
0,12:30:00,5626,5627,0.128284431,0
0,12:30:00,5625,5626,0.288646365,0
0,12:30:00,5624,5625,0.216857785,0
0,12:30:00,5623,5624,0.200957133,0
0,12:30:00,5621,5623,0.198807133,0
0,12:30:00,5620,5621,0.254447737,0
0,12:30:00,5619,5620,0.221637414,0
0,12:30:00,5618,5619,0.276115466,0
0,12:30:00,56170,5618,0.450061763,0
0,12:30:00,5617,5750,0.085461386,0
0,12:30:00,5615,56170,0.92142452,0
0,12:30:00,5615,5617,0.139189541,0
0,12:30:00,5614,5615,1.388854047,0.024644033
0,12:30:00,5613,5614,1.222749863,0.020796433
0,12:30:00,5612,5613,1.466404287,0.109079493
0,12:30:00,5611,5612,2.318009705,0.171658642
0,12:30:00,5610,5601,0.089125343,0
0,12:30:00,2833,5611,5.867243347,0.585597154
0,13:00:00,2833,5611,5.724330281,0.563912003
0,13:00:00,5621,5623,0.219304527,0.00204856
0,13:00:00,5623,5624,0.223427332,0
0,13:00:00,5624,5625,0.251548285,0
0,13:00:00,5625,5626,0.312269204,0
0,13:00:00,5626,5627,0.155002709,0
0,13:00:00,5627,5628,0.123511968,0
0,13:00:00,5628,5629,0.112938992,0
0,13:00:00,5629,5630,0.096255556,0
0,13:00:00,5630,5631,0.07421941,0
0,13:00:00,5631,5632,0.079650377,0
0,13:00:00,5632,5633,0.056459294,0
0,13:00:00,5633,5636,0.05603738,0
0,13:00:00,5636,5547,0.051091838,0
0,13:00:00,5750,5751,0.127941941,0
0,13:00:00,5751,5610,0.164502401,0
0,13:00:00,8310,2832,3.672948354,0.292493896
0,13:00:00,5620,5621,0.233512826,0.00201262
0,13:00:00,5619,5620,0.202532304,0.00204856
0,13:00:00,5618,5619,0.242233745,0.00201262
0,13:00:00,56170,5618,0.378977195,0.00204856
0,13:00:00,5617,5750,0.132335082,0
0,13:00:00,5615,56170,0.718001543,0.00204856
0,13:00:00,5615,5617,0.221061694,0
0,13:00:00,5614,5615,1.381237037,0.028668793
0,13:00:00,5613,5614,1.133279355,0.028669788
0,13:00:00,5612,5613,1.426228567,0.10283035
0,13:00:00,5611,5612,2.43372644,0.196987963
0,13:00:00,5610,5601,0.119524691,0
0,13:00:00,2832,2833,5.666369307,0.556251749
0,13:30:00,5623,5624,0.22877428,0
0,13:30:00,2832,2833,8.685140398,0.746492387
0,13:30:00,2833,5611,6.621757304,0.71145144
0,13:30:00,5615,5617,0.187068176,0
0,13:30:00,5614,5615,1.556106036,0.012041495
0,13:30:00,5613,5614,1.346753498,0.012055658
0,13:30:00,5612,5613,1.576883848,0.104065912
0,13:30:00,5611,5612,2.228521399,0.199921296
0,13:30:00,5610,5601,0.092365398,0
0,13:30:00,8310,2832,4.009113134,0.700611488
0,13:30:00,5751,5610,0.12028203,0
0,13:30:00,5750,5751,0.092886591,0
0,13:30:00,5636,5547,0.038248045,0
0,13:30:00,5633,5636,0.038636111,0
0,13:30:00,5632,5633,0.042240364,0
0,13:30:00,5631,5632,0.06630048,0
0,13:30:00,5630,5631,0.067420576,0
0,13:30:00,5629,5630,0.068933436,0
0,13:30:00,5628,5629,0.084556413,0
0,13:30:00,5627,5628,0.103068038,0
0,13:30:00,5626,5627,0.131233471,0
0,13:30:00,5625,5626,0.334549074,0
0,13:30:00,5624,5625,0.238588169,0
0,13:30:00,5621,5623,0.216180316,0
0,13:30:00,5620,5621,0.274677606,0
0,13:30:00,5619,5620,0.223969547,0
0,13:30:00,5618,5619,0.293117901,0
0,13:30:00,56170,5618,0.5876012,0
0,13:30:00,5617,5750,0.104722119,0
0,13:30:00,5615,56170,1.066380899,0
0,14:00:00,2832,2833,8.727273217,1.578238409
0,14:00:00,56170,5618,0.61209856,0
0,14:00:00,5618,5619,0.35087332,0
0,14:00:00,5619,5620,0.265534739,0
0,14:00:00,5620,5621,0.327134534,0
0,14:00:00,5621,5623,0.281200377,0
0,14:00:00,5623,5624,0.359087997,0
0,14:00:00,5624,5625,0.284997188,0
0,14:00:00,5625,5626,0.396248045,0
0,14:00:00,5626,5627,0.208792318,0
0,14:00:00,5627,5628,0.173515192,0
0,14:00:00,5628,5629,0.152303978,0
0,14:00:00,5629,5630,0.108584019,0
0,14:00:00,5630,5631,0.089971708,0
0,14:00:00,5631,5632,0.114915706,0
0,14:00:00,5632,5633,0.051809225,0
0,14:00:00,5633,5636,0.050465466,0
0,14:00:00,8310,2832,3.702833539,0.445916769
0,14:00:00,5751,5610,0.186483813,0
0,14:00:00,5750,5751,0.133847943,0
0,14:00:00,5636,5547,0.040253909,0
0,14:00:00,5611,5612,2.499356036,0.367194342
0,14:00:00,5612,5613,1.65821917,0.194414541
0,14:00:00,5613,5614,2.219891427,0.045470302
0,14:00:00,5614,5615,2.005548868,0
0,14:00:00,5615,5617,0.243765741,0
0,14:00:00,5615,56170,1.312951269,0.1722643
0,14:00:00,5617,5750,0.146010665,0
0,14:00:00,5610,5601,0.144432133,0
0,14:00:00,2833,5611,6.273689849,0.779615226
0,14:30:00,5627,5628,0.218003292,0
0,14:30:00,5610,5601,0.138431344,0
0,14:30:00,5611,5612,2.762261694,0.509916769
0,14:30:00,5612,5613,1.843660494,0.403686077
0,14:30:00,5613,5614,2.438270473,0.248627263
0,14:30:00,5614,5615,2.944484122,0.211350034
0,14:30:00,5615,5617,0.281284705,0
0,14:30:00,5615,56170,2.177964815,0.354418416
0,14:30:00,5617,5750,0.178580247,0
0,14:30:00,56170,5618,1.165440741,0.122878395
0,14:30:00,5618,5619,0.906145816,0.207264541
0,14:30:00,5619,5620,0.542451543,0.064976612
0,14:30:00,5620,5621,0.753648525,0.042848114
0,14:30:00,5621,5623,0.520621193,0.017459979
0,14:30:00,5623,5624,0.556072085,0
0,14:30:00,5624,5625,0.576557579,0
0,14:30:00,5625,5626,0.71454249,0
0,14:30:00,5626,5627,0.277525892,0
0,14:30:00,2833,5611,6.880033608,1.292116427
0,14:30:00,5628,5629,0.189485391,0
0,14:30:00,5629,5630,0.145777298,0
0,14:30:00,5630,5631,0.126992798,0
0,14:30:00,5631,5632,0.129993964,0
0,14:30:00,5632,5633,0.069411934,0
0,14:30:00,5633,5636,0.060698114,0
0,14:30:00,5636,5547,0.059520028,0
0,14:30:00,5750,5751,0.12469976,0
0,14:30:00,5751,5610,0.161424383,0
0,14:30:00,8310,2832,5.472113443,1.257990089
0,14:30:00,2832,2833,9.879096159,1.904387997
0,15:00:00,5751,5610,0.234534534,0
0,15:00:00,5750,5751,0.142893381,0
0,15:00:00,5636,5547,0.060191598,0
0,15:00:00,5633,5636,0.074514781,0
0,15:00:00,5632,5633,0.081837826,0
0,15:00:00,5631,5632,0.159901886,0
0,15:00:00,5630,5631,0.141202778,0
0,15:00:00,5629,5630,0.155265604,0
0,15:00:00,5628,5629,0.197486454,0
0,15:00:00,5627,5628,0.224009877,0
0,15:00:00,5626,5627,0.297746468,0
0,15:00:00,5625,5626,0.732547805,0
0,15:00:00,5624,5625,0.454312449,0
0,15:00:00,5623,5624,0.469796365,0
0,15:00:00,5621,5623,0.446623834,0
0,15:00:00,5620,5621,0.62158834,0
0,15:00:00,5619,5620,0.464399897,0
0,15:00:00,5618,5619,0.638969273,0
0,15:00:00,56170,5618,1.045334945,0
0,15:00:00,5617,5750,0.176219788,0
0,15:00:00,5615,56170,1.960113752,0
0,15:00:00,5615,5617,0.310506962,0
0,15:00:00,5614,5615,3.536536145,0.120230693
0,15:00:00,5613,5614,3.370149657,0.261524966
0,15:00:00,5612,5613,3.347307064,0.712625274
0,15:00:00,5611,5612,4.992895919,0.957093107
0,15:00:00,5610,5601,0.15461358,0
0,15:00:00,2833,5611,13.19652308,2.85026358
0,15:00:00,2832,2833,18.03625158,3.340414815
0,15:00:00,8310,2832,6.172682922,1.372881516
0,15:30:00,5620,5621,0.605053841,0
0,15:30:00,5621,5623,0.479943656,0
0,15:30:00,5623,5624,0.472311386,0
0,15:30:00,5624,5625,0.492929424,0
0,15:30:00,5625,5626,0.568144684,0
0,15:30:00,5626,5627,0.276298251,0
0,15:30:00,5627,5628,0.246966769,0
0,15:30:00,5628,5629,0.212542078,0
0,15:30:00,5629,5630,0.169400789,0
0,15:30:00,5630,5631,0.151391975,0
0,15:30:00,5631,5632,0.178076989,0
0,15:30:00,5632,5633,0.09577013,0
0,15:30:00,5633,5636,0.099420508,0
0,15:30:00,5636,5547,0.078470645,0
0,15:30:00,5750,5751,0.238397256,0
0,15:30:00,5751,5610,0.327520268,0
0,15:30:00,8310,2832,7.666925137,1.737275
0,15:30:00,2832,2833,14.22829935,3.387944136
0,15:30:00,2833,5611,12.65164901,1.726928601
0,15:30:00,5610,5601,0.222554733,0
0,15:30:00,5611,5612,5.090377435,0.709215638
0,15:30:00,5612,5613,3.684475857,0.498045096
0,15:30:00,5613,5614,3.43928299,0.355113889
0,15:30:00,5614,5615,4.099939575,0.196821811
0,15:30:00,5615,5617,0.432908059,0
0,15:30:00,5615,56170,1.749527744,0.129168656
0,15:30:00,5617,5750,0.251626612,0
0,15:30:00,56170,5618,1.118555247,0.009797256
0,15:30:00,5618,5619,0.652507648,0.009797256
0,15:30:00,5619,5620,0.526142558,0
0,16:00:00,2833,5611,15.46983309,4.54382476
0,16:00:00,8310,2832,7.742366907,1.652043004
0,16:00:00,5751,5610,0.448559191,0
0,16:00:00,5750,5751,0.277977949,0
0,16:00:00,5636,5547,0.072382544,0
0,16:00:00,5633,5636,0.077893724,0
0,16:00:00,5632,5633,0.073996605,0
0,16:00:00,5631,5632,0.138846879,0
0,16:00:00,5630,5631,0.119921159,0
0,16:00:00,5629,5630,0.150161111,0
0,16:00:00,5628,5629,0.196101715,0
0,16:00:00,5627,5628,0.212050274,0
0,16:00:00,5626,5627,0.264018553,0
0,16:00:00,5625,5626,0.582504493,0
0,16:00:00,5624,5625,0.468932716,0
0,16:00:00,5623,5624,0.502981139,0
0,16:00:00,5621,5623,0.523247497,0.012255761
0,16:00:00,5620,5621,0.671716358,0.042453498
0,16:00:00,5619,5620,0.495109979,0.040709636
0,16:00:00,5618,5619,0.632841804,0.071863272
0,16:00:00,56170,5618,1.243131276,0.234532785
0,16:00:00,5617,5750,0.338315466,0
0,16:00:00,5615,56170,2.703196296,0.872999863
0,16:00:00,5615,5617,0.585323731,0
0,16:00:00,5614,5615,4.306434979,0.387172599
0,16:00:00,5613,5614,3.764348388,0.660365981
0,16:00:00,5612,5613,3.950875034,0.828124006
0,16:00:00,5611,5612,5.884283231,1.279882373
0,16:00:00,5610,5601,0.315039781,0
0,16:00:00,2832,2833,21.23569712,4.963290089
0,16:30:00,5610,5601,0.257076715,0
0,16:30:00,5611,5612,5.246056001,1.208126303
0,16:30:00,5612,5613,3.488729012,0.638559842
0,16:30:00,5613,5614,3.437980693,0.406671193
0,16:30:00,5614,5615,3.901904287,0.215515261
0,16:30:00,5615,5617,0.516838272,0
0,16:30:00,5615,56170,2.573018793,0.502428669
0,16:30:00,5617,5750,0.286105727,0
0,16:30:00,56170,5618,1.469657682,0.223883916
0,16:30:00,5618,5619,0.890708299,0.166518107
0,16:30:00,5619,5620,0.761181927,0.111603635
0,16:30:00,5620,5621,0.992817421,0.073901166
0,16:30:00,5621,5623,0.869451749,0.064703464
0,16:30:00,5623,5624,0.94998642,0.047742147
0,16:30:00,5624,5625,0.919561043,0.013112791
0,16:30:00,5625,5626,1.18766358,0
0,16:30:00,5626,5627,0.489812174,0
0,16:30:00,5627,5628,0.401016769,0
0,16:30:00,5628,5629,0.361764541,0
0,16:30:00,5629,5630,0.28193906,0
0,16:30:00,5630,5631,0.229056859,0
0,16:30:00,5631,5632,0.258831893,0
0,16:30:00,5632,5633,0.125272737,0
0,16:30:00,2833,5611,15.87771464,4.607382922
0,16:30:00,2832,2833,17.34224619,5.634338032
0,16:30:00,5633,5636,0.120051852,0
0,16:30:00,5636,5547,0.102271159,0
0,16:30:00,5750,5751,0.225113683,0
0,16:30:00,5751,5610,0.374160048,0
0,16:30:00,8310,2832,9.468362346,3.725219444
0,17:00:00,5623,5624,0.6319607,0.013033711
0,17:00:00,5615,56170,2.096034979,0.385061488
0,17:00:00,5617,5750,0.372576612,0
0,17:00:00,56170,5618,1.260893861,0.10321821
0,17:00:00,5618,5619,0.75434537,0.052102229
0,17:00:00,5619,5620,0.573921468,0.030297359
0,17:00:00,5620,5621,0.75842476,0.030508231
0,17:00:00,5621,5623,0.568697839,0.009953704
0,17:00:00,5624,5625,0.529855007,0
0,17:00:00,5625,5626,0.679472085,0
0,17:00:00,5626,5627,0.26694441,0
0,17:00:00,5627,5628,0.223810425,0
0,17:00:00,5628,5629,0.20910607,0
0,17:00:00,5629,5630,0.176599246,0
0,17:00:00,5630,5631,0.149450171,0
0,17:00:00,5631,5632,0.17941893,0
0,17:00:00,5632,5633,0.083550514,0
0,17:00:00,5633,5636,0.0733238,0
0,17:00:00,5636,5547,0.066106139,0
0,17:00:00,5750,5751,0.284991015,0
0,17:00:00,5751,5610,0.433756687,0
0,17:00:00,8310,2832,8.502590741,2.424604218
0,17:00:00,2833,5611,17.30562473,4.854317936
0,17:00:00,2832,2833,24.07286831,9.101985597
0,17:00:00,5611,5612,6.218242696,1.796236145
0,17:00:00,5612,5613,4.441942558,1.194828704
0,17:00:00,5613,5614,4.235243896,0.825730796
0,17:00:00,5614,5615,4.843364506,0.700063958
0,17:00:00,5610,5601,0.316952744,0
0,17:00:00,5615,5617,0.585486248,0
0,17:30:00,5624,5625,0.683913992,0.043402744
0,17:30:00,2833,5611,15.67622888,4.964279767
0,17:30:00,5610,5601,0.268466427,0
0,17:30:00,5611,5612,5.244314472,1.373388614
0,17:30:00,5612,5613,3.763539986,1.032520953
0,17:30:00,5613,5614,3.727556859,0.822234019
0,17:30:00,5614,5615,4.277503361,0.429281207
0,17:30:00,5615,5617,0.448736694,0
0,17:30:00,5625,5626,0.807409602,0.043172565
0,17:30:00,5626,5627,0.407825137,0.043641461
0,17:30:00,5627,5628,0.339866804,0.043172565
0,17:30:00,5628,5629,0.304703395,0.043402744
0,17:30:00,5629,5630,0.260138855,0.043172565
0,17:30:00,5630,5631,0.218739678,0.043641461
0,17:30:00,5631,5632,0.248959122,0.043172565
0,17:30:00,5615,56170,2.199621708,0.367960391
0,17:30:00,5632,5633,0.158189163,0.043402744
0,17:30:00,5633,5636,0.134169856,0.043172565
0,17:30:00,5636,5547,0.102865398,0.02315559
0,17:30:00,5750,5751,0.218103944,0
0,17:30:00,5751,5610,0.324389129,0
0,17:30:00,8310,2832,9.252969204,3.106981173
0,17:30:00,5617,5750,0.286356276,0
0,17:30:00,56170,5618,1.378194753,0.201774451
0,17:30:00,5618,5619,0.777765021,0.086218964
0,17:30:00,5619,5620,0.653638718,0.055304767
0,17:30:00,5620,5621,0.826576783,0.033184362
0,17:30:00,5621,5623,0.693999897,0.051863958
0,17:30:00,5623,5624,0.746208196,0.043172565
0,17:30:00,2832,2833,17.65563107,5.511576749
0,18:00:00,5615,5617,0.376701578,0
0,18:00:00,5615,56170,1.570040535,0.042672565
0,18:00:00,5617,5750,0.238950377,0
0,18:00:00,5629,5630,0.185441701,0
0,18:00:00,5628,5629,0.224385528,0
0,18:00:00,5627,5628,0.264417764,0
0,18:00:00,5626,5627,0.316846536,0
0,18:00:00,5625,5626,0.729384774,0
0,18:00:00,56170,5618,1.189933093,0.013520988
0,18:00:00,5618,5619,0.693471879,0
0,18:00:00,5619,5620,0.53599369,0
0,18:00:00,5620,5621,0.802146811,0
0,18:00:00,5621,5623,0.571799108,0
0,18:00:00,5623,5624,0.608780213,0
0,18:00:00,5624,5625,0.513723183,0
0,18:00:00,5631,5632,0.183344513,0
0,18:00:00,5632,5633,0.09555775,0
0,18:00:00,5633,5636,0.078287517,0
0,18:00:00,5636,5547,0.08907452,0.020485871
0,18:00:00,5750,5751,0.200444993,0
0,18:00:00,5751,5610,0.28431382,0
0,18:00:00,8310,2832,6.803975514,2.380337483
0,18:00:00,5630,5631,0.150486968,0
0,18:00:00,2832,2833,19.44233889,8.215937723
0,18:00:00,2833,5611,13.93269513,4.972647325
0,18:00:00,5610,5601,0.226087689,0
0,18:00:00,5611,5612,4.901757373,1.259745336
0,18:00:00,5612,5613,3.142645748,0.773474554
0,18:00:00,5613,5614,3.070297668,0.501060563
0,18:00:00,5614,5615,3.348738066,0.280574966
0,18:30:00,5627,5628,0.285110974,0
0,18:30:00,8310,2832,5.236097565,1.921707648
0,18:30:00,5751,5610,0.179280418,0
0,18:30:00,5750,5751,0.127355967,0
0,18:30:00,5636,5578,0.000726029,0
0,18:30:00,5636,5547,0.086996056,0
0,18:30:00,5633,5636,0.092428018,0
0,18:30:00,5632,5633,0.119274966,0
0,18:30:00,5631,5632,0.19084952,0
0,18:30:00,5630,5631,0.158419342,0
0,18:30:00,5629,5630,0.191171125,0
0,18:30:00,5628,5629,0.229586557,0
0,18:30:00,5626,5627,0.341835563,0
0,18:30:00,5625,5626,0.780899314,0
0,18:30:00,5624,5625,0.562024417,0
0,18:30:00,5623,5624,0.62256725,0.004679149
0,18:30:00,5621,5623,0.634551612,0.033466152
0,18:30:00,5620,5621,0.728670679,0.059871022
0,18:30:00,5619,5620,0.562537723,0.067494788
0,18:30:00,5618,5619,0.698087894,0.09021238
0,18:30:00,56170,5618,1.201243896,0.1315143
0,18:30:00,5617,5750,0.138559088,0
0,18:30:00,5615,56170,1.785050171,0.335644753
0,18:30:00,5615,5617,0.233152812,0
0,18:30:00,5614,5615,3.145606139,0.417915809
0,18:30:00,5613,5614,2.547189918,0.515464472
0,18:30:00,5612,5613,2.836631481,0.858753601
0,18:30:00,5611,5612,4.568349006,1.549094582
0,18:30:00,5610,5601,0.139053807,0
0,18:30:00,5585,5586,0.00023251,0
0,18:30:00,5583,5585,0.000225652,0
0,18:30:00,5582,5583,0.000377606,0
0,18:30:00,5581,45581,0.000745268,0
0,18:30:00,5580,5581,0.000658196,0
0,18:30:00,5579,5580,0.000670439,0
0,18:30:00,5578,5579,0.000669307,0
0,18:30:00,45581,5582,0.000743244,0
0,18:30:00,2833,5611,10.90789043,3.658114541
0,18:30:00,2832,2833,11.96753553,3.693047428
0,19:00:00,5627,5628,0.166271468,0
0,19:00:00,8310,2832,4.397798834,1.490130727
0,19:00:00,5751,5610,0.051297222,0
0,19:00:00,5750,5751,0.037430899,0
0,19:00:00,5636,5578,0.016243861,0
0,19:00:00,5636,5547,0.037598183,0
0,19:00:00,2832,2833,11.17898436,3.930409911
0,19:00:00,5610,5601,0.03267476,0
0,19:00:00,5611,5612,2.654155761,0.87453882
0,19:00:00,5612,5613,1.820987106,0.477405178
0,19:00:00,5585,5586,0.010007785,0
0,19:00:00,5583,5585,0.010185357,0
0,19:00:00,5582,5583,0.009239815,0
0,19:00:00,5581,45581,0.009082476,0
0,19:00:00,5580,5581,0.009815604,0
0,19:00:00,5579,5580,0.01073666,0
0,19:00:00,5578,5579,0.011461934,0
0,19:00:00,45581,5582,0.008535459,0
0,19:00:00,5613,5614,1.565649829,0.245728464
0,19:00:00,5614,5615,1.729725549,0.091682819
0,19:00:00,5615,5617,0.079048834,0
0,19:00:00,5615,56170,1.214536694,0.028144444
0,19:00:00,5617,5750,0.055448217,0
0,19:00:00,56170,5618,0.818308505,0.002680041
0,19:00:00,5618,5619,0.507273011,0
0,19:00:00,5619,5620,0.412946365,0
0,19:00:00,5620,5621,0.48589928,0
0,19:00:00,5621,5623,0.367168827,0
0,19:00:00,5623,5624,0.369885425,0
0,19:00:00,5624,5625,0.350898766,0
0,19:00:00,5625,5626,0.450430384,0
0,19:00:00,5626,5627,0.221833642,0
0,19:00:00,5628,5629,0.143457339,0
0,19:00:00,5629,5630,0.116976852,0
0,19:00:00,5630,5631,0.10767452,0
0,19:00:00,5631,5632,0.12263131,0
0,19:00:00,5632,5633,0.070093964,0
0,19:00:00,5633,5636,0.063603498,0
0,19:00:00,2833,5611,7.021434945,2.356443176
0,19:30:00,5628,5629,0.111292421,0
0,19:30:00,45581,5582,0.007636248,0
0,19:30:00,5578,5579,0.01104297,0
0,19:30:00,5579,5580,0.009704321,0
0,19:30:00,8310,2832,3.240065535,1.260487586
0,19:30:00,5627,5628,0.142156139,0
0,19:30:00,5624,5625,0.288450309,0
0,19:30:00,5625,5626,0.408307579,0
0,19:30:00,5626,5627,0.184774863,0
0,19:30:00,5636,5547,0.009965569,0
0,19:30:00,5580,5581,0.008275137,0
0,19:30:00,5581,45581,0.007633471,0
0,19:30:00,5633,5636,0.053265123,0
0,19:30:00,5582,5583,0.007696331,0
0,19:30:00,2832,2833,9.569874589,2.979991769
0,19:30:00,5583,5585,0.008302058,0
0,19:30:00,5585,5586,0.007937997,0
0,19:30:00,5610,5601,0.121077332,0
0,19:30:00,5611,5612,2.559871468,0.704466221
0,19:30:00,5612,5613,1.702067833,0.471396091
0,19:30:00,5613,5614,1.375528361,0.218515329
0,19:30:00,5614,5615,1.602933162,0.117122154
0,19:30:00,5615,5617,0.220778052,0.004823045
0,19:30:00,5615,56170,0.878722839,0.012651852
0,19:30:00,5617,5750,0.140641289,0.004782853
0,19:30:00,56170,5618,0.587834294,0
0,19:30:00,5618,5619,0.338476543,0
0,19:30:00,5619,5620,0.289233402,0
0,19:30:00,5620,5621,0.374866289,0
0,19:30:00,5621,5623,0.290263478,0
0,19:30:00,5623,5624,0.289396811,0
0,19:30:00,5751,5610,0.172974006,0.004782853
0,19:30:00,5750,5751,0.139244582,0.004823045
0,19:30:00,5636,5578,0.015211866,0
0,19:30:00,5632,5633,0.054717147,0
0,19:30:00,2833,5611,7.569171159,2.295757236
0,19:30:00,5631,5632,0.076157922,0
0,19:30:00,5630,5631,0.070126955,0
0,19:30:00,5629,5630,0.082546914,0
0,20:00:00,5612,5613,1.718427263,0.486757304
0,20:00:00,8310,2832,3.171735082,0.995622428
0,20:00:00,5751,5610,0.106358025,0
0,20:00:00,5750,5751,0.094369136,0
0,20:00:00,5636,5578,0.021862689,0
0,20:00:00,5633,5636,0.054162174,0
0,20:00:00,5632,5633,0.054476132,0
0,20:00:00,5631,5632,0.08601358,0
0,20:00:00,5630,5631,0.073568621,0
0,20:00:00,5629,5630,0.094165981,0
0,20:00:00,5628,5629,0.102189575,0
0,20:00:00,5627,5628,0.12996166,0
0,20:00:00,5626,5627,0.17138834,0
0,20:00:00,5625,5626,0.430786763,0
0,20:00:00,5624,5625,0.29547037,0
0,20:00:00,5623,5624,0.298608162,0
0,20:00:00,5621,5623,0.29136118,0.001848423
0,20:00:00,5620,5621,0.348796536,0.002662997
0,20:00:00,5619,5620,0.275676749,0.000812517
0,20:00:00,5618,5619,0.352694376,0.001282922
0,20:00:00,56170,5618,0.575793827,0.007618278
0,20:00:00,5617,5750,0.098158985,0
0,20:00:00,5615,56170,0.878522737,0.075322394
0,20:00:00,5615,5617,0.157187106,0
0,20:00:00,5614,5615,1.48823882,0.248159191
0,20:00:00,5613,5614,1.304300103,0.267808539
0,20:00:00,5611,5612,2.605088512,0.863545713
0,20:00:00,5610,5601,0.104933539,0.004823045
0,20:00:00,5585,5586,0.015022599,0
0,20:00:00,5583,5585,0.017199657,0
0,20:00:00,5582,5583,0.01639489,0
0,20:00:00,5581,45581,0.016754184,0
0,20:00:00,5580,5581,0.017345611,0
0,20:00:00,5579,5580,0.018372497,0
0,20:00:00,5578,5579,0.019750549,0
0,20:00:00,45581,5582,0.016394479,0
0,20:00:00,2833,5611,6.877286763,2.223139849
0,20:00:00,2832,2833,9.358610322,2.646910014
0,20:30:00,5618,5619,0.263023354,0
0,20:30:00,5619,5620,0.205945988,0
0,20:30:00,5620,5621,0.240153841,0
0,20:30:00,5621,5623,0.214211934,0
0,20:30:00,5623,5624,0.214329149,0
0,20:30:00,5624,5625,0.195545508,0
0,20:30:00,5625,5626,0.323925892,0
0,20:30:00,5626,5627,0.133292558,0
0,20:30:00,5627,5628,0.100941118,0
0,20:30:00,5628,5629,0.085058745,0
0,20:30:00,5629,5630,0.079566529,0
0,20:30:00,5630,5631,0.064558231,0
0,20:30:00,5631,5632,0.070345096,0
0,20:30:00,2832,2833,8.885533711,1.625756413
0,20:30:00,2833,5611,5.887721159,1.884744136
0,20:30:00,45581,5582,0.014911008,0
0,20:30:00,5578,5579,0.019607682,0
0,20:30:00,5579,5580,0.017111797,0
0,20:30:00,5580,5581,0.01621941,0
0,20:30:00,5581,45581,0.015081001,0
0,20:30:00,5582,5583,0.014496742,0
0,20:30:00,5583,5585,0.015234602,0
0,20:30:00,5585,5586,0.016879595,0
0,20:30:00,8310,2832,3.323598148,1.064199931
0,20:30:00,5751,5610,0.175190364,0
0,20:30:00,5750,5751,0.127163889,0
0,20:30:00,5633,5636,0.047501509,0
0,20:30:00,5636,5578,0.021912414,0
0,20:30:00,5610,5601,0.135800309,0
0,20:30:00,5632,5633,0.0462381,0
0,20:30:00,5611,5612,2.310747839,0.685225
0,20:30:00,5612,5613,1.613505727,0.527012723
0,20:30:00,5613,5614,1.181788683,0.189076029
0,20:30:00,5614,5615,1.263383985,0.085935905
0,20:30:00,5615,5617,0.224506207,0
0,20:30:00,5615,56170,0.676065981,0.012470816
0,20:30:00,5617,5750,0.140214746,0
0,20:30:00,56170,5618,0.4285619,0
0,21:00:00,5623,5624,0.303970953,0.002674897
0,21:00:00,5620,5621,0.365337997,0.030226783
0,21:00:00,5619,5620,0.267561248,0.026776886
0,21:00:00,5618,5619,0.316017147,0.037171776
0,21:00:00,56170,5618,0.448954081,0.057433813
0,21:00:00,5617,5750,0.1323619,0
0,21:00:00,5615,56170,0.708163923,0.118604904
0,21:00:00,5615,5617,0.179796228,0
0,21:00:00,5614,5615,1.365173079,0.117035665
0,21:00:00,5613,5614,1.135417661,0.097892833
0,21:00:00,5612,5613,1.619207613,0.212506722
0,21:00:00,5611,5612,2.110683471,0.306851783
0,21:00:00,5610,5601,0.141407442,0
0,21:00:00,5585,5586,0.007107167,0
0,21:00:00,5583,5585,0.008161283,0
0,21:00:00,5582,5583,0.007515844,0
0,21:00:00,5581,45581,0.008430041,0
0,21:00:00,5580,5581,0.012684362,0
0,21:00:00,5579,5580,0.018676783,0
0,21:00:00,5578,5579,0.021237003,0
0,21:00:00,45581,5582,0.007569616,0
0,21:00:00,2833,5611,5.882089198,0.988461866
0,21:00:00,2832,2833,10.69588429,1.837008402
0,21:00:00,8310,2832,2.534899074,0.540062106
0,21:00:00,5751,5610,0.148274931,0
0,21:00:00,5750,5751,0.129304047,0
0,21:00:00,5636,5578,0.02853107,0
0,21:00:00,5633,5636,0.053307339,0
0,21:00:00,5632,5633,0.059954424,0
0,21:00:00,5631,5632,0.107513443,0
0,21:00:00,5630,5631,0.090242387,0
0,21:00:00,5629,5630,0.107172874,0
0,21:00:00,5628,5629,0.117353738,0
0,21:00:00,5627,5628,0.152739026,0
0,21:00:00,5626,5627,0.197397222,0
0,21:00:00,5625,5626,0.447935082,0
0,21:00:00,5624,5625,0.283394273,0.00177037
0,21:00:00,5621,5623,0.295778498,0.011986626
0,21:30:00,45581,5582,0.022992524,0.01409225
0,21:30:00,2832,2833,9.316352744,3.237779321
0,21:30:00,2833,5611,6.248309054,1.762674143
0,21:30:00,5578,5579,0.029003395,0.01409225
0,21:30:00,5579,5580,0.027973183,0.01409225
0,21:30:00,5580,5581,0.025946468,0.01384928
0,21:30:00,5581,45581,0.023171742,0.01409225
0,21:30:00,5582,5583,0.022491427,0.01409225
0,21:30:00,5583,5585,0.023208779,0.01409225
0,21:30:00,5585,5586,0.020626063,0.01409225
0,21:30:00,5610,5601,0.075316804,0
0,21:30:00,5611,5612,2.438578429,0.517228978
0,21:30:00,5612,5613,1.381275274,0.259225652
0,21:30:00,5613,5614,0.995477161,0.108924931
0,21:30:00,5614,5615,1.100291667,0.048799657
0,21:30:00,5615,5617,0.136016221,0
0,21:30:00,5615,56170,0.596461591,0.040299966
0,21:30:00,5617,5750,0.086382785,0
0,21:30:00,56170,5618,0.513980247,0.02404904
0,21:30:00,5618,5619,0.307984259,0.012933265
0,21:30:00,5619,5620,0.267241873,0.007993724
0,21:30:00,5620,5621,0.317437003,0.005156996
0,21:30:00,5621,5623,0.276509602,0.015810151
0,21:30:00,5623,5624,0.287296433,0.015765775
0,21:30:00,5624,5625,0.302173937,0.01409225
0,21:30:00,5625,5626,0.405425309,0.01409225
0,21:30:00,5626,5627,0.171590364,0.01384928
0,21:30:00,5627,5628,0.127506927,0.01409225
0,21:30:00,5628,5629,0.106517764,0.01409225
0,21:30:00,5629,5630,0.091205144,0.01409225
0,21:30:00,5630,5631,0.082240672,0.01409225
0,21:30:00,5631,5632,0.093266358,0.01409225
0,21:30:00,5632,5633,0.060326338,0.01384928
0,21:30:00,5633,5636,0.057469856,0.01409225
0,21:30:00,5636,5578,0.031320028,0.01409225
0,21:30:00,5750,5751,0.075012894,0
0,21:30:00,5751,5610,0.103278086,0
0,21:30:00,8310,2832,3.389481379,0.841166838
0,22:00:00,5631,5632,0.046279047,0
0,22:00:00,5630,5631,0.048798114,0
0,22:00:00,8310,2832,4.138962689,1.683916118
0,22:00:00,5751,5610,0.150447599,0
0,22:00:00,5750,5751,0.117834774,0
0,22:00:00,5636,5578,0.023751852,0
0,22:00:00,5633,5636,0.038350583,0
0,22:00:00,5632,5633,0.03616965,0
0,22:00:00,2832,2833,5.98345144,2.094634396
0,22:00:00,2833,5611,6.031631996,1.237364129
0,22:00:00,45581,5582,0.011112071,0
0,22:00:00,5578,5579,0.020139369,0
0,22:00:00,5579,5580,0.018940398,0
0,22:00:00,5580,5581,0.015216255,0
0,22:00:00,5581,45581,0.0093143,0
0,22:00:00,5582,5583,0.007505144,0
0,22:00:00,5629,5630,0.058567696,0
0,22:00:00,5583,5585,0.007492318,0
0,22:00:00,5585,5586,0.006471879,0
0,22:00:00,5610,5601,0.125765123,0
0,22:00:00,5611,5612,2.561525549,0.496147188
0,22:00:00,5612,5613,1.873584568,0.481166667
0,22:00:00,5613,5614,1.387811454,0.239104698
0,22:00:00,5614,5615,1.566611866,0.159778224
0,22:00:00,5615,5617,0.203178395,0
0,22:00:00,5615,56170,0.558265295,0.010471125
0,22:00:00,5617,5750,0.135654698,0
0,22:00:00,56170,5618,0.448390501,0
0,22:00:00,5618,5619,0.288778635,0
0,22:00:00,5619,5620,0.247662209,0
0,22:00:00,5620,5621,0.267753532,0
0,22:00:00,5621,5623,0.232578772,0
0,22:00:00,5623,5624,0.257493141,0
0,22:00:00,5624,5625,0.278764335,0
0,22:00:00,5625,5626,0.309868656,0
0,22:00:00,5626,5627,0.127579698,0
0,22:00:00,5627,5628,0.095762929,0
0,22:00:00,5628,5629,0.067087963,0
0,22:30:00,5619,5620,0.234233951,0.01902963
0,22:30:00,5614,5615,1.43591773,0.180923834
0,22:30:00,5613,5614,1.489121605,0.411172599
0,22:30:00,5612,5613,2.154960837,0.793577126
0,22:30:00,5611,5612,3.054959396,1.128105967
0,22:30:00,5610,5601,0.118882819,0
0,22:30:00,5585,5586,0.004760665,0
0,22:30:00,5583,5585,0.006547462,0
0,22:30:00,5582,5583,0.02651845,0.018765329
0,22:30:00,5581,45581,0.028064026,0.018765329
0,22:30:00,5580,5581,0.029625617,0.018765329
0,22:30:00,5579,5580,0.035723457,0.018765329
0,22:30:00,5578,5579,0.037319273,0.01902963
0,22:30:00,45581,5582,0.027651543,0.01902963
0,22:30:00,2833,5611,7.09792987,2.439874383
0,22:30:00,2832,2833,7.342697565,2.335166255
0,22:30:00,5615,56170,0.633930624,0.047206927
0,22:30:00,5617,5750,0.11604249,0
0,22:30:00,56170,5618,0.509766255,0.025561248
0,22:30:00,5618,5619,0.268386728,0.018765329
0,22:30:00,5615,5617,0.175805727,0
0,22:30:00,5620,5621,0.275286591,0.018765329
0,22:30:00,5621,5623,0.217720233,0.018765329
0,22:30:00,5623,5624,0.234462414,0.018765329
0,22:30:00,5624,5625,0.230377092,0.01902963
0,22:30:00,5625,5626,0.335909945,0.018765329
0,22:30:00,5626,5627,0.138839403,0.018765329
0,22:30:00,5627,5628,0.110275652,0.018765329
0,22:30:00,5628,5629,0.09528251,0.01902963
0,22:30:00,5629,5630,0.089597256,0.018765329
0,22:30:00,5630,5631,0.082263889,0.018765329
0,22:30:00,5631,5632,0.095416255,0.01902963
0,22:30:00,5632,5633,0.073190946,0.018765329
0,22:30:00,5633,5636,0.078667181,0.018765329
0,22:30:00,5636,5578,0.041061145,0.018765329
0,22:30:00,5750,5751,0.10307356,0
0,22:30:00,5751,5610,0.152513478,0
0,22:30:00,8310,2832,4.368272428,1.443456481
0,23:00:00,5751,5610,0.188522428,0.003858436
0,23:00:00,8310,2832,4.426461831,1.465932442
0,23:00:00,5583,5585,0.034493313,0.018765329
0,23:00:00,5585,5586,0.029644993,0.01902963
0,23:00:00,5610,5601,0.132154458,0.003858436
0,23:00:00,5611,5612,2.460109671,0.638496502
0,23:00:00,5612,5613,1.697159774,0.390832853
0,23:00:00,5613,5614,1.287520988,0.184388478
0,23:00:00,5614,5615,1.38236965,0.103184602
0,23:00:00,5750,5751,0.106958573,0.003818244
0,23:00:00,5636,5578,0.028421399,0
0,23:00:00,5633,5636,0.058934054,0
0,23:00:00,5632,5633,0.057015809,0
0,23:00:00,5631,5632,0.082971159,0
0,23:00:00,5630,5631,0.070090912,0
0,23:00:00,5629,5630,0.082722188,0
0,23:00:00,5628,5629,0.091661111,0
0,23:00:00,5627,5628,0.112225446,0
0,23:00:00,5626,5627,0.148831756,0
0,23:00:00,5625,5626,0.38501725,0
0,23:00:00,5624,5625,0.267710082,0
0,23:00:00,5623,5624,0.25956238,0
0,23:00:00,5621,5623,0.228537551,0
0,23:00:00,5620,5621,0.24716989,0
0,23:00:00,5619,5620,0.210588374,0
0,23:00:00,5618,5619,0.290960322,0
0,23:00:00,56170,5618,0.477446056,0
0,23:00:00,5617,5750,0.129558402,0.003858436
0,23:00:00,5615,56170,0.586505521,0.013226578
0,23:00:00,5615,5617,0.212352126,0.003858436
0,23:00:00,5582,5583,0.016097839,0
0,23:00:00,5581,45581,0.017333196,0
0,23:00:00,5580,5581,0.020864746,0
0,23:00:00,5579,5580,0.021998834,0
0,23:00:00,5578,5579,0.022195028,0
0,23:00:00,45581,5582,0.017007064,0
0,23:00:00,2833,5611,5.858931104,1.705671742
0,23:00:00,2832,2833,6.645578018,1.916563203
0,23:30:00,5626,5627,0.135060803,0
0,23:30:00,2832,2833,6.862166495,1.743843381
0,23:30:00,2833,5611,5.784513855,1.623525274
0,23:30:00,45581,5582,0.009649691,0
0,23:30:00,5578,5579,0.01655751,0
0,23:30:00,5579,5580,0.013191804,0
0,23:30:00,5580,5581,0.012571536,0
0,23:30:00,5581,45581,0.009977949,0
0,23:30:00,5582,5583,0.010459225,0
0,23:30:00,5583,5585,0.011193176,0
0,23:30:00,5585,5586,0.009522154,0
0,23:30:00,5610,5601,0.108088066,0
0,23:30:00,5611,5612,3.045953395,0.979019479
0,23:30:00,5612,5613,2.267427435,0.818999006
0,23:30:00,5613,5614,1.662515844,0.495801132
0,23:30:00,5614,5615,1.621757648,0.294776509
0,23:30:00,5615,5617,0.197498251,0
0,23:30:00,5615,56170,0.633279561,0.019627881
0,23:30:00,5617,5750,0.126945439,0
0,23:30:00,56170,5618,0.520585014,0.003563786
0,23:30:00,5618,5619,0.284403361,0
0,23:30:00,5619,5620,0.210871811,0
0,23:30:00,5620,5621,0.236882408,0
0,23:30:00,5621,5623,0.214044239,0
0,23:30:00,5623,5624,0.22439441,0
0,23:30:00,5624,5625,0.233792147,0
0,23:30:00,5625,5626,0.336391358,0
0,23:30:00,5627,5628,0.107708265,0
0,23:30:00,5628,5629,0.088016152,0
0,23:30:00,5629,5630,0.080643964,0
0,23:30:00,5630,5631,0.068030213,0
0,23:30:00,5631,5632,0.073983402,0
0,23:30:00,5632,5633,0.046331824,0
0,23:30:00,5633,5636,0.049497188,0
0,23:30:00,5636,5578,0.020672256,0
0,23:30:00,5750,5751,0.106196639,0
0,23:30:00,5751,5610,0.141257716,0
0,23:30:00,8310,2832,3.316356619,0.847920611
0,24:00:00,5628,5629,0.075403498,0
0,24:00:00,5627,5628,0.086302435,0
0,24:00:00,5626,5627,0.103580281,0
0,24:00:00,5625,5626,0.231707682,0
0,24:00:00,5624,5625,0.157847839,0
0,24:00:00,5623,5624,0.162628704,0
0,24:00:00,5580,5581,0.012874931,0
0,24:00:00,5581,45581,0.010892113,0
0,24:00:00,5582,5583,0.009340226,0
0,24:00:00,5583,5585,0.009464986,0
0,24:00:00,5585,5586,0.00826869,0
0,24:00:00,5610,5601,0.109967764,0
0,24:00:00,5611,5612,2.248190569,0.235873525
0,24:00:00,5612,5613,1.566739506,0.136247359
0,24:00:00,5613,5614,0.978342147,0.067116804
0,24:00:00,5614,5615,0.975196639,0.028603807
0,24:00:00,5615,5617,0.163659602,0
0,24:00:00,5615,56170,0.323918553,0
0,24:00:00,5617,5750,0.101176818,0
0,24:00:00,56170,5618,0.281864712,0
0,24:00:00,5618,5619,0.163174794,0
0,24:00:00,5619,5620,0.137991118,0
0,24:00:00,5620,5621,0.156722188,0
0,24:00:00,5621,5623,0.155913855,0
0,24:00:00,2832,2833,5.469401372,0.621072188
0,24:00:00,2833,5611,4.148058642,0.67854369
0,24:00:00,45581,5582,0.010079287,0
0,24:00:00,5578,5579,0.014512209,0
0,24:00:00,5579,5580,0.013741873,0
0,24:00:00,5629,5630,0.068570713,0
0,24:00:00,5630,5631,0.052623285,0
0,24:00:00,5631,5632,0.060950754,0
0,24:00:00,5632,5633,0.036472325,0
0,24:00:00,5633,5636,0.037134877,0
0,24:00:00,5636,5578,0.017652778,0
0,24:00:00,5750,5751,0.094061557,0
0,24:00:00,5751,5610,0.159435219,0
0,24:00:00,8310,2832,3.28928275,0.747220953
0,24:30:00,5580,5581,0.012445028,0
0,24:30:00,8310,2832,1.506242078,0.225293656
0,24:30:00,5751,5610,0.102299486,0.022884225
0,24:30:00,5750,5751,0.079128292,0.023144273
0,24:30:00,5636,5578,0.020008642,0
0,24:30:00,5633,5636,0.032051783,0
0,24:30:00,5632,5633,0.033790089,0
0,24:30:00,5631,5632,0.053290775,0
0,24:30:00,5630,5631,0.043452366,0
0,24:30:00,5629,5630,0.051915878,0
0,24:30:00,5628,5629,0.059212243,0
0,24:30:00,5627,5628,0.085010597,0
0,24:30:00,5626,5627,0.103218793,0
0,24:30:00,5625,5626,0.239676372,0
0,24:30:00,5624,5625,0.180446022,0
0,24:30:00,5623,5624,0.187603395,0
0,24:30:00,5621,5623,0.174198011,0
0,24:30:00,5620,5621,0.193226132,0
0,24:30:00,5619,5620,0.193810665,0
0,24:30:00,5618,5619,0.233768587,0
0,24:30:00,56170,5618,0.374751475,0.001556996
0,24:30:00,5617,5750,0.086632853,0.022884225
0,24:30:00,5615,56170,0.441854938,0.003843313
0,24:30:00,5615,5617,0.134284911,0.023144273
0,24:30:00,5614,5615,0.955413546,0.063692318
0,24:30:00,5613,5614,1.000252503,0.113503498
0,24:30:00,5612,5613,1.385039849,0.260308368
0,24:30:00,5611,5612,1.739959842,0.280547291
0,24:30:00,5610,5601,0.084433848,0.023144273
0,24:30:00,5585,5586,0.008863992,0
0,24:30:00,5583,5585,0.009430144,0
0,24:30:00,5582,5583,0.009236557,0
0,24:30:00,5581,45581,0.011201303,0
0,24:30:00,5579,5580,0.017174897,0
0,24:30:00,5578,5579,0.017324451,0
0,24:30:00,45581,5582,0.010277606,0
0,24:30:00,2833,5611,3.627073971,0.599974623
0,24:30:00,2832,2833,4.635520062,0.525774108
0,25:00:00,5630,5631,0.011992764,0
0,25:00:00,5627,5628,0.017345919,0
0,25:00:00,5626,5627,0.019108299,0
0,25:00:00,5625,5626,0.045514575,0
0,25:00:00,5624,5625,0.036368964,0
0,25:00:00,5623,5624,0.037802744,0
0,25:00:00,5621,5623,0.033864438,0
0,25:00:00,5620,5621,0.037445096,0
0,25:00:00,5619,5620,0.035178086,0
0,25:00:00,5618,5619,0.042295542,0
0,25:00:00,56170,5618,0.049394547,0
0,25:00:00,5617,5750,0.019624657,0
0,25:00:00,5615,56170,0.065252058,0
0,25:00:00,5615,5617,0.027621399,0
0,25:00:00,5614,5615,0.161341633,0
0,25:00:00,5613,5614,0.149884671,0
0,25:00:00,5612,5613,0.292694376,0
0,25:00:00,5611,5612,0.451074794,0
0,25:00:00,5610,5601,0.023640741,0
0,25:00:00,5585,5586,0.005201955,0
0,25:00:00,5583,5585,0.00676334,0
0,25:00:00,5582,5583,0.006479115,0
0,25:00:00,5581,45581,0.006485528,0
0,25:00:00,5580,5581,0.007164575,0
0,25:00:00,5579,5580,0.007283059,0
0,25:00:00,5578,5579,0.007129493,0
0,25:00:00,45581,5582,0.006939335,0
0,25:00:00,2833,5611,0.642656104,0
0,25:00:00,2832,2833,0.662489095,0
0,25:00:00,5631,5632,0.013337586,0
0,25:00:00,5632,5633,0.011218724,0
0,25:00:00,5628,5629,0.014600446,0
0,25:00:00,5633,5636,0.010259088,0
0,25:00:00,5636,5578,0.007495782,0
0,25:00:00,5750,5751,0.02115679,0
0,25:00:00,5751,5610,0.024585905,0
0,25:00:00,8310,2832,0.632107853,0
0,25:00:00,5629,5630,0.014075514,0
0,25:30:00,5615,56170,0.063728875,0
0,25:30:00,5579,5580,0.007893141,0
0,25:30:00,5578,5579,0.008141667,0
0,25:30:00,45581,5582,0.006474314,0
0,25:30:00,2833,5611,0.189569513,0
0,25:30:00,2832,2833,0.015396536,0
0,25:30:00,5630,5631,0.011657922,0
0,25:30:00,5629,5630,0.013657167,0
0,25:30:00,5628,5629,0.014664129,0
0,25:30:00,5627,5628,0.023156413,0
0,25:30:00,5626,5627,0.023837174,0
0,25:30:00,5625,5626,0.056464815,0
0,25:30:00,5624,5625,0.035821228,0
0,25:30:00,5623,5624,0.036400823,0
0,25:30:00,5621,5623,0.031171674,0
0,25:30:00,5620,5621,0.032223731,0
0,25:30:00,5619,5620,0.040544033,0
0,25:30:00,5618,5619,0.046589198,0
0,25:30:00,56170,5618,0.058727641,0
0,25:30:00,5631,5632,0.013528155,0
0,25:30:00,5614,5615,0.096852195,0
0,25:30:00,5613,5614,0.081202846,0
0,25:30:00,8310,2832,0.009896193,0
0,25:30:00,5636,5578,0.008996125,0
0,25:30:00,5633,5636,0.012484499,0
0,25:30:00,5632,5633,0.012287757,0
0,25:30:00,5612,5613,0.141532648,0
0,25:30:00,5611,5612,0.096311591,0
0,25:30:00,5585,5586,0.00465487,0
0,25:30:00,5583,5585,0.005134808,0
0,25:30:00,5582,5583,0.005644924,0
0,25:30:00,5581,45581,0.006730247,0
0,25:30:00,5580,5581,0.00699297,0
0,26:00:00,2832,2833,,0
0,26:30:00,5612,5613,,0
0,26:30:00,5611,5612,,0
0,26:30:00,5585,5586,,0
0,26:30:00,5583,5585,,0
0,26:30:00,5582,5583,,0
0,26:30:00,5581,45581,,0
0,26:30:00,5580,5581,,0
0,26:30:00,5579,5580,,0
0,26:30:00,5578,5579,,0
0,26:30:00,45581,5582,,0
0,26:30:00,2833,5611,,0
0,26:30:00,5623,5624,,0
0,26:30:00,5627,5628,,0
0,26:30:00,5630,5631,,0
0,26:30:00,5626,5627,,0
0,26:30:00,5625,5626,,0
0,26:30:00,5631,5632,,0
0,26:30:00,5624,5625,,0
0,26:30:00,5632,5633,,0
0,26:30:00,5633,5636,,0
0,26:30:00,5636,5578,,0
0,26:30:00,5629,5630,,0
0,26:30:00,5628,5629,,0
0,26:30:00,5621,5623,,0
0,26:30:00,5620,5621,,0
0,26:30:00,5619,5620,,0
0,26:30:00,5618,5619,,0
0,26:30:00,56170,5618,,0
0,26:30:00,5615,56170,,0
0,26:30:00,5613,5614,,0
0,26:30:00,5614,5615,,0
1,4:30:00,5605,5606,0.366753018,0
1,4:30:00,5547,5587,0.026293519,0
1,4:30:00,5590,5591,0.0691012,0
1,4:30:00,5589,5590,0.080369719,0
1,4:30:00,5588,5589,0.034365535,0
1,4:30:00,5587,5588,0.024154458,0
1,4:30:00,5650,2829,0.933239678,0.026643964
1,4:30:00,5609,5605,0.317006824,0
1,4:30:00,5607,5650,0.616356722,0.008781756
1,4:30:00,5606,5607,0.394673045,0.009754835
1,4:30:00,5603,5609,0.254995096,0.014343141
1,4:30:00,5602,5603,0.269126921,0.020259739
1,4:30:00,5601,5602,0.323033231,0.025831962
1,4:30:00,5600,5601,0.26351869,0
1,4:30:00,5599,5600,0.266255384,0
1,4:30:00,5598,5599,0.187514335,0
1,4:30:00,5597,5598,0.186185459,0
1,4:30:00,5596,5597,0.154937277,0
1,4:30:00,5595,5596,0.156474074,0
1,4:30:00,5594,5595,0.125922119,0
1,4:30:00,5593,5594,0.106746296,0
1,4:30:00,5592,5593,0.059631619,0
1,4:30:00,5591,5592,0.059697462,0
1,5:00:00,5589,5590,0.148551543,0
1,5:00:00,5590,5591,0.167332236,0
1,5:00:00,5591,5592,0.15596094,0
1,5:00:00,5592,5593,0.130394342,0
1,5:00:00,5593,5594,0.237610563,0
1,5:00:00,5594,5595,0.305587106,0
1,5:00:00,5595,5596,0.381972428,0
1,5:00:00,5596,5597,0.482633333,0
1,5:00:00,5597,5598,0.428047702,0
1,5:00:00,5598,5599,0.534284088,0
1,5:00:00,5599,5600,0.621936488,0
1,5:00:00,5600,5601,0.702652778,0
1,5:00:00,5601,5602,1.016357167,0.048836557
1,5:00:00,5602,5603,0.876557236,0.036185014
1,5:00:00,5603,5609,1.497078738,0.112511488
1,5:00:00,5605,5606,3.743676818,1.487787174
1,5:00:00,5606,5607,4.191748594,2.241330556
1,5:00:00,5607,5650,7.517311866,3.585123354
1,5:00:00,5609,5605,2.590019376,0.741432716
1,5:00:00,5650,2829,13.77584023,5.635409054
1,5:00:00,5588,5589,0.083769033,0
1,5:00:00,5587,5588,0.07403762,0
1,5:00:00,5547,5587,0.078070473,0
1,5:00:00,2829,8310,3.264216015,0.975413066
1,5:30:00,5600,5601,0.821812311,0.011088374
1,5:30:00,2829,8310,4.387241187,1.394811454
1,5:30:00,5547,5587,0.098031379,0
1,5:30:00,5587,5588,0.089026509,0
1,5:30:00,5588,5589,0.099218896,0
1,5:30:00,5589,5590,0.177664438,0
1,5:30:00,5590,5591,0.215482236,0
1,5:30:00,5591,5592,0.204469067,0
1,5:30:00,5592,5593,0.18120535,0
1,5:30:00,5593,5594,0.241987791,0
1,5:30:00,5594,5595,0.400993278,0
1,5:30:00,5595,5596,0.580733951,0
1,5:30:00,5596,5597,0.652308916,0
1,5:30:00,5597,5598,0.490201852,0
1,5:30:00,5598,5599,0.675358813,0.002293278
1,5:30:00,5599,5600,0.78471989,0.010231859
1,5:30:00,5601,5602,1.083474657,0.070164849
1,5:30:00,5602,5603,0.943503909,0.063333196
1,5:30:00,5603,5609,1.841804389,0.117465432
1,5:30:00,5605,5606,4.233449657,1.507460014
1,5:30:00,5606,5607,5.035637277,1.818205624
1,5:30:00,5607,5650,11.32498357,5.050098697
1,5:30:00,5609,5605,2.603702366,0.593152812
1,5:30:00,5650,2829,17.21316924,6.515946845
1,6:00:00,5607,5650,12.70422795,5.722168827
1,6:00:00,5590,5591,0.362396502,0.014513237
1,6:00:00,5589,5590,0.309245508,0
1,6:00:00,5588,5589,0.14561725,0
1,6:00:00,5587,5588,0.124286145,0
1,6:00:00,5547,5587,0.134058128,0
1,6:00:00,2829,8310,4.728340466,1.802159911
1,6:00:00,5592,5593,0.355082373,0.008221879
1,6:00:00,5593,5594,0.506102126,0.012908779
1,6:00:00,5594,5595,0.60831773,0.0121893
1,6:00:00,5595,5596,1.127517181,0.026620302
1,6:00:00,5596,5597,1.106637003,0.031214095
1,6:00:00,5597,5598,0.729619204,0.005311111
1,6:00:00,5598,5599,0.885391392,0.005114403
1,6:00:00,5650,2829,25.44992572,11.07192349
1,6:00:00,5591,5592,0.432682373,0.014324211
1,6:00:00,5599,5600,1.029722599,0.007990021
1,6:00:00,5600,5601,1.191725206,0.023316633
1,6:00:00,5601,5602,1.468652435,0.150245679
1,6:00:00,5602,5603,1.21831797,0.112929561
1,6:00:00,5609,5605,3.094263546,0.888779115
1,6:00:00,5603,5609,2.096206653,0.301058779
1,6:00:00,5605,5606,5.758770508,2.819149108
1,6:00:00,5606,5607,6.91816142,3.525059431
1,6:30:00,2829,8310,5.494387929,1.826483231
1,6:30:00,5590,5591,0.420251166,0
1,6:30:00,5591,5592,0.634229389,0
1,6:30:00,5592,5593,0.525938443,0
1,6:30:00,5593,5594,0.661310357,0.049237414
1,6:30:00,5594,5595,1.153059636,0.02335
1,6:30:00,5595,5596,1.968510117,0.106762894
1,6:30:00,5596,5597,1.956801886,0.182012346
1,6:30:00,5597,5598,1.249570302,0.114803944
1,6:30:00,5598,5599,1.465461591,0.19111382
1,6:30:00,5589,5590,0.370734294,0
1,6:30:00,5599,5600,1.78683714,0.304427641
1,6:30:00,5600,5601,1.731380316,0.30653131
1,6:30:00,5601,5602,2.133036283,0.512508196
1,6:30:00,5602,5603,1.858369136,0.494786968
1,6:30:00,5603,5609,3.075581722,0.948618313
1,6:30:00,5605,5606,5.780731036,2.544608471
1,6:30:00,5606,5607,7.228118964,3.383022359
1,6:30:00,5607,5650,18.59536163,8.805968073
1,6:30:00,5588,5589,0.197283573,0
1,6:30:00,5587,5588,0.121465946,0
1,6:30:00,5547,5587,0.128783436,0
1,6:30:00,5650,2829,43.91960226,18.98131046
1,6:30:00,5609,5605,4.078707373,1.631606824
1,7:00:00,5592,5593,0.536088374,0
1,7:00:00,5590,5591,0.506938169,0
1,7:00:00,5589,5590,0.307621571,0
1,7:00:00,5588,5589,0.122866975,0
1,7:00:00,5587,5588,0.091715775,0
1,7:00:00,5547,5587,0.096013066,0
1,7:00:00,2829,8310,4.535595576,1.802499726
1,7:00:00,5650,2829,44.18350518,25.42692627
1,7:00:00,5609,5605,3.077200103,1.171803978
1,7:00:00,5607,5650,14.82542061,7.919615604
1,7:00:00,5606,5607,5.22822428,2.676961214
1,7:00:00,5605,5606,4.457891118,1.963356344
1,7:00:00,5603,5609,2.552138786,0.681611626
1,7:00:00,5602,5603,1.484384191,0.30588035
1,7:00:00,5601,5602,1.622468347,0.318402915
1,7:00:00,5600,5601,1.299018176,0.156679184
1,7:00:00,5599,5600,1.039731276,0.099219719
1,7:00:00,5598,5599,1.093508196,0.1108131
1,7:00:00,5597,5598,1.0697619,0.107280041
1,7:00:00,5596,5597,1.261122291,0.0847857
1,7:00:00,5595,5596,1.715580967,0.154565775
1,7:00:00,5594,5595,0.901847977,0.098998285
1,7:00:00,5593,5594,0.558879149,0
1,7:00:00,5591,5592,0.673006139,0
1,7:30:00,5547,5587,0.087234636,0
1,7:30:00,5603,5609,2.343682476,0.54765631
1,7:30:00,5602,5603,1.286411591,0.236489918
1,7:30:00,5601,5602,1.340068587,0.299610665
1,7:30:00,5600,5601,1.052541804,0.201400754
1,7:30:00,5599,5600,0.959307956,0.167501749
1,7:30:00,5598,5599,0.911253189,0.106123663
1,7:30:00,5609,5605,2.505583265,1.131125
1,7:30:00,5650,2829,40.90822795,17.77551128
1,7:30:00,5605,5606,2.74275511,0.821844513
1,7:30:00,5606,5607,4.638043107,1.705647394
1,7:30:00,5607,5650,12.50193556,5.314483025
1,7:30:00,5596,5597,0.976463169,0.094855899
1,7:30:00,5595,5596,1.455990844,0.208800514
1,7:30:00,5594,5595,0.598880761,0.037933642
1,7:30:00,5593,5594,0.332150274,0
1,7:30:00,2829,8310,4.516929149,1.583561111
1,7:30:00,5597,5598,0.737166392,0.076806927
1,7:30:00,5592,5593,0.386826234,0
1,7:30:00,5591,5592,0.452492215,0
1,7:30:00,5590,5591,0.312158608,0
1,7:30:00,5589,5590,0.201864506,0
1,7:30:00,5588,5589,0.084760803,0
1,7:30:00,5587,5588,0.080805384,0
1,8:00:00,5599,5600,0.916392113,0.125380521
1,8:00:00,5603,5609,1.826397188,0.438378258
1,8:00:00,5605,5606,2.769498594,0.67719273
1,8:00:00,5606,5607,4.514744479,1.325879081
1,8:00:00,5607,5650,12.57768333,3.797791289
1,8:00:00,5609,5605,2.1522143,0.57199441
1,8:00:00,5650,2829,39.51886571,14.24715312
1,8:00:00,5602,5603,1.332161694,0.273283505
1,8:00:00,5601,5602,1.293352709,0.323228738
1,8:00:00,5600,5601,0.9920631,0.177633196
1,8:00:00,5598,5599,1.006355418,0.172814815
1,8:00:00,5597,5598,0.714852606,0.069353224
1,8:00:00,5596,5597,0.897359671,0.099046776
1,8:00:00,5595,5596,1.200948697,0.166136557
1,8:00:00,5594,5595,0.663134294,0.078813786
1,8:00:00,5593,5594,0.361236317,0
1,8:00:00,5592,5593,0.392811008,0
1,8:00:00,5591,5592,0.334552915,0
1,8:00:00,5590,5591,0.233435288,0
1,8:00:00,5589,5590,0.181745611,0
1,8:00:00,5588,5589,0.094479287,0
1,8:00:00,5587,5588,0.088203155,0
1,8:00:00,5547,5587,0.101658231,0
1,8:00:00,2829,8310,3.825762277,0.783120679
1,8:30:00,5602,5603,0.974471193,0.050962037
1,8:30:00,5601,5602,0.686853258,0.109286797
1,8:30:00,5600,5601,0.512599726,0.074943278
1,8:30:00,5599,5600,0.483125309,0.070633985
1,8:30:00,5598,5599,0.532394924,0.078981413
1,8:30:00,5597,5598,0.503324863,0.016490364
1,8:30:00,5596,5597,0.661592318,0.032472428
1,8:30:00,5595,5596,0.613344924,0.028892284
1,8:30:00,5594,5595,0.323009705,0
1,8:30:00,5593,5594,0.256661866,0
1,8:30:00,5592,5593,0.192697908,0
1,8:30:00,5591,5592,0.176308059,0
1,8:30:00,5590,5591,0.164281104,0
1,8:30:00,5547,5587,0.072376098,0
1,8:30:00,5587,5588,0.066528772,0
1,8:30:00,5588,5589,0.080279218,0
1,8:30:00,5589,5590,0.124205556,0
1,8:30:00,2829,8310,4.00689369,0.620737551
1,8:30:00,5650,2829,32.84638371,5.595745096
1,8:30:00,5609,5605,1.297077984,0.191837894
1,8:30:00,5607,5650,9.2690381,1.741063649
1,8:30:00,5606,5607,2.620445542,0.189914883
1,8:30:00,5605,5606,1.818216804,0.076819342
1,8:30:00,5603,5609,1.03139393,0.118228978
1,9:00:00,2829,8310,3.843395508,0.218901852
1,9:00:00,5650,2829,18.93499232,4.834433093
1,9:00:00,5609,5605,1.108171365,0.240340638
1,9:00:00,5607,5650,6.030464952,1.259037071
1,9:00:00,5606,5607,2.253182853,0.280843038
1,9:00:00,5605,5606,1.577685014,0.240532167
1,9:00:00,5603,5609,0.779369616,0.14922524
1,9:00:00,5602,5603,0.859173011,0.123338992
1,9:00:00,5601,5602,0.526872805,0.075469513
1,9:00:00,5600,5601,0.418574417,0.083657236
1,9:00:00,5599,5600,0.424413752,0.092672051
1,9:00:00,5547,5587,0.057564678,0
1,9:00:00,5587,5588,0.049668587,0
1,9:00:00,5598,5599,0.365063134,0.032389163
1,9:00:00,5597,5598,0.341033608,0.029963066
1,9:00:00,5596,5597,0.494193381,0.026246022
1,9:00:00,5595,5596,0.463559225,0.012558573
1,9:00:00,5594,5595,0.272063855,0.002320748
1,9:00:00,5593,5594,0.195292284,0
1,9:00:00,5592,5593,0.138032304,0
1,9:00:00,5591,5592,0.137820576,0
1,9:00:00,5590,5591,0.182133333,0
1,9:00:00,5589,5590,0.109283642,0
1,9:00:00,5588,5589,0.065672805,0
1,9:30:00,5592,5593,0.143676132,0
1,9:30:00,5591,5592,0.157672805,0
1,9:30:00,5590,5591,0.150318244,0
1,9:30:00,5589,5590,0.100546468,0
1,9:30:00,5588,5589,0.057223148,0
1,9:30:00,5587,5588,0.051949623,0
1,9:30:00,5607,5650,5.510562277,1.657418278
1,9:30:00,5609,5605,1.214715021,0.260116907
1,9:30:00,2829,8310,3.000842867,0.521107373
1,9:30:00,5547,5587,0.057586866,0
1,9:30:00,5650,2829,15.62102233,5.665724794
1,9:30:00,5606,5607,2.416794033,0.504762277
1,9:30:00,5605,5606,2.162422943,0.500996468
1,9:30:00,5603,5609,0.895604973,0.162946296
1,9:30:00,5602,5603,0.841589403,0.15808107
1,9:30:00,5601,5602,0.624212723,0.117371468
1,9:30:00,5600,5601,0.464433059,0.042452846
1,9:30:00,5599,5600,0.449421879,0.044273114
1,9:30:00,5598,5599,0.362714472,0.013722291
1,9:30:00,5597,5598,0.358150377,0.015340638
1,9:30:00,5596,5597,0.554310082,0.016787037
1,9:30:00,5595,5596,0.443846365,0.027791873
1,9:30:00,5594,5595,0.273015569,0
1,9:30:00,5593,5594,0.198295473,0
1,10:00:00,5588,5589,0.040014506,0
1,10:00:00,5650,2829,12.50963477,4.626799726
1,10:00:00,5609,5605,1.097916084,0.149596674
1,10:00:00,5607,5650,4.588138066,1.974565706
1,10:00:00,5606,5607,2.214484911,0.549475514
1,10:00:00,5605,5606,1.844357579,0.374611626
1,10:00:00,5603,5609,0.860381824,0.064975343
1,10:00:00,5602,5603,0.818895851,0.035309431
1,10:00:00,5601,5602,0.563740329,0.025936386
1,10:00:00,5600,5601,0.493483128,0.023714266
1,10:00:00,5599,5600,0.439535254,0.008875754
1,10:00:00,5598,5599,0.400101166,0.005845336
1,10:00:00,5597,5598,0.348590158,0
1,10:00:00,5596,5597,0.544573766,0
1,10:00:00,5595,5596,0.419811317,0
1,10:00:00,5594,5595,0.250082613,0
1,10:00:00,5593,5594,0.147663649,0
1,10:00:00,5592,5593,0.099432544,0
1,10:00:00,5591,5592,0.112117901,0
1,10:00:00,5590,5591,0.095343141,0
1,10:00:00,5589,5590,0.082952572,0
1,10:00:00,5587,5588,0.036166975,0
1,10:00:00,5547,5587,0.035415364,0
1,10:00:00,2829,8310,2.743297394,0.786649966
1,10:30:00,5596,5597,0.505339712,0
1,10:30:00,2829,8310,2.301006962,0.455028635
1,10:30:00,5547,5587,0.056625857,0
1,10:30:00,5587,5588,0.05409928,0
1,10:30:00,5588,5589,0.058535665,0
1,10:30:00,5589,5590,0.110110391,0
1,10:30:00,5590,5591,0.117041873,0
1,10:30:00,5591,5592,0.122362071,0
1,10:30:00,5592,5593,0.108921776,0
1,10:30:00,5593,5594,0.180288066,0
1,10:30:00,5594,5595,0.194840809,0
1,10:30:00,5595,5596,0.348257408,0
1,10:30:00,5597,5598,0.281082922,0
1,10:30:00,5598,5599,0.265797325,0
1,10:30:00,5599,5600,0.248937723,0
1,10:30:00,5600,5601,0.243969547,0
1,10:30:00,5601,5602,0.2976143,0.020837449
1,10:30:00,5602,5603,1.020067867,0.008225309
1,10:30:00,5603,5609,0.559202846,0.02396286
1,10:30:00,5605,5606,1.599516804,0.111166769
1,10:30:00,5606,5607,1.959111831,0.184291255
1,10:30:00,5607,5650,3.64304249,0.63555703
1,10:30:00,5609,5605,0.716555521,0.054246605
1,10:30:00,5650,2829,11.16243837,2.262478395
1,11:00:00,5609,5605,0.934753121,0.015396091
1,11:00:00,2829,8310,2.845103498,0.274783539
1,11:00:00,5547,5587,0.061151166,0
1,11:00:00,5587,5588,0.047347874,0
1,11:00:00,5588,5589,0.040261454,0
1,11:00:00,5589,5590,0.052741221,0
1,11:00:00,5590,5591,0.057935459,0
1,11:00:00,5591,5592,0.066015604,0
1,11:00:00,5592,5593,0.061842798,0
1,11:00:00,5593,5594,0.110593999,0
1,11:00:00,5594,5595,0.152519582,0
1,11:00:00,5595,5596,0.337500926,0
1,11:00:00,5650,2829,7.889872668,0.894705247
1,11:00:00,5596,5597,0.360036626,0
1,11:00:00,5597,5598,0.244534019,0
1,11:00:00,5598,5599,0.26110072,0
1,11:00:00,5599,5600,0.298259499,0
1,11:00:00,5600,5601,0.34516334,0
1,11:00:00,5601,5602,0.451322051,0.002354424
1,11:00:00,5602,5603,0.992989952,0.00932037
1,11:00:00,5603,5609,0.685555624,0.013879012
1,11:00:00,5605,5606,1.588091598,0.013611866
1,11:00:00,5606,5607,1.933263923,0.074125171
1,11:00:00,5607,5650,3.179130933,0.375669273
1,11:30:00,5596,5597,0.441785803,0
1,11:30:00,2829,8310,2.660339541,0.239770508
1,11:30:00,5547,5587,0.027122325,0
1,11:30:00,5587,5588,0.031946914,0
1,11:30:00,5588,5589,0.046502744,0
1,11:30:00,5589,5590,0.081626303,0
1,11:30:00,5590,5591,0.112038958,0
1,11:30:00,5591,5592,0.119689163,0
1,11:30:00,5592,5593,0.105524451,0
1,11:30:00,5593,5594,0.170601646,0
1,11:30:00,5594,5595,0.201662311,0
1,11:30:00,5595,5596,0.356195405,0
1,11:30:00,5597,5598,0.264668176,0
1,11:30:00,5598,5599,0.276787517,0
1,11:30:00,5599,5600,0.261958608,0
1,11:30:00,5600,5601,0.275965912,0
1,11:30:00,5601,5602,0.331598079,0
1,11:30:00,5602,5603,0.692001543,0
1,11:30:00,5603,5609,0.594645576,0
1,11:30:00,5605,5606,1.035802229,0
1,11:30:00,5606,5607,1.421024966,0.010037551
1,11:30:00,5607,5650,2.743999966,0.184197325
1,11:30:00,5609,5605,0.684754115,0
1,11:30:00,5650,2829,8.092047805,1.437335803
1,12:00:00,5596,5597,0.469573663,0
1,12:00:00,2829,8310,2.196322702,0.046058299
1,12:00:00,5547,5587,0.058741084,0
1,12:00:00,5587,5588,0.05283834,0
1,12:00:00,5588,5589,0.057344444,0
1,12:00:00,5589,5590,0.087351475,0
1,12:00:00,5590,5591,0.104080796,0
1,12:00:00,5591,5592,0.108545713,0
1,12:00:00,5592,5593,0.098901132,0
1,12:00:00,5593,5594,0.170792181,0
1,12:00:00,5594,5595,0.250869342,0
1,12:00:00,5595,5596,0.386643621,0
1,12:00:00,5597,5598,0.22215727,0
1,12:00:00,5598,5599,0.207576715,0
1,12:00:00,5599,5600,0.189593244,0
1,12:00:00,5600,5601,0.180951818,0
1,12:00:00,5601,5602,0.246134019,0
1,12:00:00,5602,5603,0.869105899,0
1,12:00:00,5603,5609,0.504450583,0
1,12:00:00,5605,5606,1.51131238,0.036588786
1,12:00:00,5606,5607,1.991100274,0.091104527
1,12:00:00,5607,5650,3.249906927,0.543391941
1,12:00:00,5609,5605,0.717406001,0
1,12:00:00,5650,2829,8.536093484,1.676593964
1,12:30:00,5609,5605,0.879847016,0.028027366
1,12:30:00,5547,5587,0.039136626,0
1,12:30:00,5587,5588,0.032829218,0
1,12:30:00,5588,5589,0.033921879,0
1,12:30:00,5589,5590,0.046830521,0
1,12:30:00,5590,5591,0.054814472,0
1,12:30:00,5591,5592,0.053970336,0
1,12:30:00,5592,5593,0.049689986,0
1,12:30:00,5593,5594,0.076274623,0
1,12:30:00,5594,5595,0.135626269,0
1,12:30:00,5595,5596,0.249536968,0
1,12:30:00,5596,5597,0.255228224,0
1,12:30:00,5650,2829,8.91898594,1.078314643
1,12:30:00,2829,8310,2.683604973,0.428363203
1,12:30:00,5597,5598,0.20205631,0
1,12:30:00,5598,5599,0.200893621,0
1,12:30:00,5599,5600,0.248549108,0
1,12:30:00,5600,5601,0.269145679,0
1,12:30:00,5601,5602,0.400745919,0
1,12:30:00,5602,5603,0.75228203,0
1,12:30:00,5603,5609,0.616215192,0
1,12:30:00,5605,5606,1.267732408,0.039072428
1,12:30:00,5606,5607,1.667017867,0.073601886
1,12:30:00,5607,5650,3.173102263,0.560782579
1,13:00:00,5600,5601,0.292323423,0.006246914
1,13:00:00,5650,2829,9.165467901,1.529740021
1,13:00:00,5609,5605,0.717658573,0.020769239
1,13:00:00,5607,5650,3.319565158,0.508820816
1,13:00:00,5606,5607,2.202435219,0.073861248
1,13:00:00,5605,5606,1.649091873,0.014048491
1,13:00:00,5603,5609,0.555127881,0.014132922
1,13:00:00,5602,5603,0.564623045,0.042037654
1,13:00:00,5601,5602,0.304892353,0.007550171
1,13:00:00,5599,5600,0.278337209,0.007704527
1,13:00:00,5598,5599,0.280907339,0.004094444
1,13:00:00,5597,5598,0.28534345,0.003908333
1,13:00:00,5596,5597,0.587974794,0.019169444
1,13:00:00,5595,5596,0.398633882,0.001764849
1,13:00:00,5594,5595,0.196916221,0
1,13:00:00,5593,5594,0.170499417,0
1,13:00:00,5592,5593,0.112356516,0
1,13:00:00,5591,5592,0.108709945,0
1,13:00:00,5590,5591,0.09192572,0
1,13:00:00,5589,5590,0.080622634,0
1,13:00:00,5588,5589,0.03657987,0
1,13:00:00,5587,5588,0.028414952,0
1,13:00:00,5547,5587,0.029825514,0
1,13:00:00,2829,8310,2.574001543,0.201836214
1,13:30:00,5592,5593,0.132918621,0
1,13:30:00,5591,5592,0.164410871,0
1,13:30:00,5590,5591,0.142236317,0
1,13:30:00,5589,5590,0.11416214,0
1,13:30:00,5588,5589,0.067071914,0
1,13:30:00,5587,5588,0.064941941,0
1,13:30:00,5547,5587,0.073203429,0
1,13:30:00,2829,8310,2.590057785,0.188960219
1,13:30:00,5593,5594,0.189284671,0
1,13:30:00,5594,5595,0.270228464,0
1,13:30:00,5595,5596,0.524889746,0
1,13:30:00,5596,5597,0.503984705,0
1,13:30:00,5597,5598,0.261732716,0
1,13:30:00,5598,5599,0.227284294,0
1,13:30:00,5599,5600,0.246379973,0
1,13:30:00,5600,5601,0.250131276,0
1,13:30:00,5601,5602,0.290209671,0
1,13:30:00,5602,5603,0.884503738,0
1,13:30:00,5603,5609,0.564994856,0
1,13:30:00,5605,5606,1.757201989,0.098830041
1,13:30:00,5606,5607,2.04967356,0.195062037
1,13:30:00,5607,5650,3.794822599,0.853278944
1,13:30:00,5609,5605,0.893860803,0.028687517
1,13:30:00,5650,2829,10.26352695,2.469173011
1,14:00:00,2829,8310,3.294826269,0.775271845
1,14:00:00,5547,5587,0.038776063,0
1,14:00:00,5587,5588,0.036551029,0
1,14:00:00,5588,5589,0.038140021,0
1,14:00:00,5589,5590,0.070319136,0
1,14:00:00,5590,5591,0.083725103,0
1,14:00:00,5591,5592,0.07262404,0
1,14:00:00,5592,5593,0.078472154,0
1,14:00:00,5593,5594,0.104735665,0
1,14:00:00,5594,5595,0.130171228,0
1,14:00:00,5595,5596,0.342981619,0
1,14:00:00,5596,5597,0.594139472,0
1,14:00:00,5597,5598,0.326302538,0.017817387
1,14:00:00,5598,5599,0.340531516,0.01052037
1,14:00:00,5599,5600,0.527979664,0.009297805
1,14:00:00,5600,5601,0.381708573,0.009444513
1,14:00:00,5601,5602,0.389334602,0.010745405
1,14:00:00,5602,5603,1.140627812,0.015192421
1,14:00:00,5603,5609,0.869283471,0.033373011
1,14:00:00,5605,5606,1.999880693,0.135755899
1,14:00:00,5606,5607,2.284085768,0.099051646
1,14:00:00,5607,5650,4.13680727,0.934779047
1,14:00:00,5609,5605,0.877223834,0.020895576
1,14:00:00,5650,2829,11.34590604,2.513094788
1,14:30:00,5590,5591,0.124442627,0
1,14:30:00,5650,2829,17.16507425,7.726133676
1,14:30:00,5609,5605,1.086108025,0.150553429
1,14:30:00,5607,5650,5.622071193,2.739287929
1,14:30:00,5606,5607,3.164337414,0.524895885
1,14:30:00,5605,5606,1.936167661,0.227956036
1,14:30:00,5603,5609,0.688876921,0.034102126
1,14:30:00,5602,5603,0.598664472,0.041508882
1,14:30:00,5601,5602,0.398299246,0.012775857
1,14:30:00,5600,5601,0.418404835,0.033352675
1,14:30:00,5599,5600,0.333836763,0.009239506
1,14:30:00,5598,5599,0.354490946,0
1,14:30:00,5597,5598,0.356002263,0
1,14:30:00,5596,5597,0.61298882,0
1,14:30:00,5595,5596,0.625457956,0
1,14:30:00,5594,5595,0.257123114,0
1,14:30:00,5593,5594,0.189298971,0
1,14:30:00,5592,5593,0.156390158,0
1,14:30:00,5591,5592,0.149233093,0
1,14:30:00,5589,5590,0.108975892,0
1,14:30:00,5588,5589,0.048294753,0
1,14:30:00,5587,5588,0.045335425,0
1,14:30:00,5547,5587,0.051527881,0
1,14:30:00,2829,8310,3.047782956,0.743176612
1,15:00:00,5547,5587,0.058464575,0
1,15:00:00,5600,5601,0.605364198,0.03453083
1,15:00:00,5589,5590,0.094621056,0
1,15:00:00,5588,5589,0.067497256,0
1,15:00:00,5590,5591,0.101568038,0
1,15:00:00,5591,5592,0.120633608,0
1,15:00:00,5599,5600,0.551381996,0.008844444
1,15:00:00,5598,5599,0.478399829,0
1,15:00:00,5595,5596,0.46137428,0
1,15:00:00,5650,2829,25.45227531,10.94110189
1,15:00:00,2829,8310,3.605773457,1.442934877
1,15:00:00,5597,5598,0.413265295,0
1,15:00:00,5596,5597,0.65659441,0
1,15:00:00,5609,5605,1.757584774,0.508579527
1,15:00:00,5607,5650,7.825345885,3.428559431
1,15:00:00,5606,5607,3.969481584,1.191301406
1,15:00:00,5605,5606,3.070064849,0.795870782
1,15:00:00,5603,5609,1.448260974,0.290456893
1,15:00:00,5602,5603,1.035679115,0.094152538
1,15:00:00,5601,5602,0.749870816,0.106648285
1,15:00:00,5592,5593,0.124647359,0
1,15:00:00,5593,5594,0.151068621,0
1,15:00:00,5594,5595,0.211421914,0
1,15:00:00,5587,5588,0.057208573,0
1,15:30:00,5601,5602,0.413128224,0
1,15:30:00,2829,8310,4.574140398,0.667119479
1,15:30:00,5547,5587,0.048404664,0
1,15:30:00,5587,5588,0.046804253,0
1,15:30:00,5588,5589,0.054311694,0
1,15:30:00,5589,5590,0.107132956,0
1,15:30:00,5590,5591,0.136029801,0
1,15:30:00,5591,5592,0.156650309,0
1,15:30:00,5650,2829,22.80397483,4.00805168
1,15:30:00,5609,5605,0.968224211,0.036725789
1,15:30:00,5607,5650,6.73076286,0.984495062
1,15:30:00,5606,5607,2.859347462,0.22613882
1,15:30:00,5605,5606,1.95284856,0.0972762
1,15:30:00,5603,5609,0.848123457,0.025740432
1,15:30:00,5602,5603,0.785384739,0.06074489
1,15:30:00,5600,5601,0.400471502,0
1,15:30:00,5599,5600,0.39789952,0
1,15:30:00,5598,5599,0.347730521,0
1,15:30:00,5597,5598,0.339201475,0
1,15:30:00,5596,5597,0.581773766,0
1,15:30:00,5595,5596,0.449852366,0
1,15:30:00,5594,5595,0.279137071,0
1,15:30:00,5593,5594,0.1749012,0
1,15:30:00,5592,5593,0.137073663,0
1,16:00:00,5602,5603,0.606854458,0
1,16:00:00,5603,5609,0.696053635,0
1,16:00:00,5605,5606,1.843828395,0.0399857
1,16:00:00,5606,5607,2.531326132,0.042041838
1,16:00:00,5650,2829,19.51946337,2.459152675
1,16:00:00,5547,5587,0.040962243,0
1,16:00:00,5597,5598,0.287259328,0
1,16:00:00,5596,5597,0.398866701,0
1,16:00:00,5595,5596,0.336341049,0
1,16:00:00,5594,5595,0.175426166,0
1,16:00:00,5609,5605,0.867101749,0
1,16:00:00,2829,8310,5.188372359,0.335927915
1,16:00:00,5607,5650,5.97487644,0.823437209
1,16:00:00,5593,5594,0.114719582,0
1,16:00:00,5592,5593,0.080570645,0
1,16:00:00,5591,5592,0.093975789,0
1,16:00:00,5590,5591,0.07648059,0
1,16:00:00,5589,5590,0.072611557,0
1,16:00:00,5588,5589,0.044359054,0
1,16:00:00,5587,5588,0.040009191,0
1,16:00:00,5598,5599,0.316974897,0
1,16:00:00,5599,5600,0.287293278,0
1,16:00:00,5600,5601,0.357312551,0
1,16:00:00,5601,5602,0.362738409,0
1,16:30:00,5600,5601,0.245236488,0
1,16:30:00,5589,5590,0.0717631,0
1,16:30:00,5599,5600,0.257196674,0
1,16:30:00,5598,5599,0.25248738,0
1,16:30:00,5597,5598,0.227290706,0
1,16:30:00,5596,5597,0.321208813,0
1,16:30:00,5590,5591,0.086920508,0
1,16:30:00,5591,5592,0.09630487,0
1,16:30:00,5592,5593,0.08751701,0
1,16:30:00,5593,5594,0.13488011,0
1,16:30:00,5594,5595,0.195712277,0
1,16:30:00,5650,2829,19.44059887,3.945201098
1,16:30:00,5595,5596,0.313278875,0
1,16:30:00,5609,5605,0.695012071,0
1,16:30:00,5587,5588,0.039841049,0
1,16:30:00,5588,5589,0.040953086,0
1,16:30:00,2829,8310,4.683785117,0.529519856
1,16:30:00,5547,5587,0.041365432,0
1,16:30:00,5607,5650,4.432523354,0.319040329
1,16:30:00,5606,5607,2.364912277,0.036680556
1,16:30:00,5605,5606,1.413476783,0
1,16:30:00,5603,5609,0.561553189,0
1,16:30:00,5602,5603,0.559265604,0
1,16:30:00,5601,5602,0.262239986,0
1,17:00:00,5587,5588,0.041572462,0
1,17:00:00,5601,5602,0.293908025,0
1,17:00:00,5602,5603,0.463909396,0
1,17:00:00,5603,5609,0.502101475,0
1,17:00:00,5605,5606,0.949882716,0
1,17:00:00,5606,5607,1.524126989,0
1,17:00:00,5607,5650,3.535427469,0.300832956
1,17:00:00,5609,5605,0.601689026,0.029384156
1,17:00:00,5650,2829,15.2884975,2.072504938
1,17:00:00,2829,8310,3.63957644,0.214750069
1,17:00:00,5547,5587,0.045202469,0
1,17:00:00,5588,5589,0.043291769,0
1,17:00:00,5589,5590,0.065132476,0
1,17:00:00,5590,5591,0.074297462,0
1,17:00:00,5591,5592,0.079791529,0
1,17:00:00,5592,5593,0.076527435,0
1,17:00:00,5593,5594,0.117533916,0
1,17:00:00,5594,5595,0.184356756,0
1,17:00:00,5595,5596,0.280955418,0
1,17:00:00,5596,5597,0.294774348,0
1,17:00:00,5597,5598,0.2361643,0
1,17:00:00,5598,5599,0.251659911,0
1,17:00:00,5599,5600,0.261935288,0
1,17:00:00,5600,5601,0.274493141,0
1,17:30:00,5606,5607,0.975397599,0
1,17:30:00,5605,5606,0.721410357,0
1,17:30:00,5603,5609,0.354343176,0
1,17:30:00,5602,5603,0.373621742,0
1,17:30:00,5590,5591,0.049438134,0
1,17:30:00,5588,5589,0.033990432,0
1,17:30:00,5547,5587,0.029997702,0
1,17:30:00,5587,5588,0.022336488,0
1,17:30:00,5597,5598,0.192982853,0
1,17:30:00,5598,5599,0.184556001,0
1,17:30:00,5601,5602,0.303807922,0
1,17:30:00,5599,5600,0.199693004,0
1,17:30:00,2829,8310,3.114012929,0.063430933
1,17:30:00,5591,5592,0.065586968,0
1,17:30:00,5592,5593,0.066497325,0
1,17:30:00,5593,5594,0.08558858,0
1,17:30:00,5594,5595,0.106464129,0
1,17:30:00,5595,5596,0.200381893,0
1,17:30:00,5596,5597,0.252572222,0
1,17:30:00,5650,2829,9.275759979,0
1,17:30:00,5609,5605,0.460692936,0
1,17:30:00,5589,5590,0.037301303,0
1,17:30:00,5600,5601,0.228426578,0
1,17:30:00,5607,5650,2.314845611,0
1,18:00:00,5605,5606,0.482038134,0
1,18:00:00,5547,5587,0.035129595,0
1,18:00:00,5587,5588,0.037675617,0
1,18:00:00,5588,5589,0.036912209,0
1,18:00:00,5589,5590,0.04100679,0
1,18:00:00,5590,5591,0.045339026,0
1,18:00:00,5591,5592,0.049714883,0
1,18:00:00,5592,5593,0.050716427,0
1,18:00:00,5593,5594,0.077523731,0
1,18:00:00,5594,5595,0.106826372,0
1,18:00:00,5595,5596,0.13580096,0
1,18:00:00,5606,5607,0.724421331,0
1,18:00:00,5607,5650,1.761766701,0
1,18:00:00,5609,5605,0.326911008,0
1,18:00:00,5650,2829,7.374034877,0
1,18:00:00,5596,5597,0.174057853,0
1,18:00:00,5597,5598,0.129049589,0
1,18:00:00,5598,5599,0.14306118,0
1,18:00:00,5599,5600,0.159653429,0
1,18:00:00,5600,5601,0.157655556,0
1,18:00:00,5601,5602,0.175633402,0
1,18:00:00,5602,5603,0.245629595,0
1,18:00:00,5603,5609,0.262987826,0
1,18:00:00,2829,8310,2.557552435,0
1,18:30:00,5607,5650,1.009527606,0
1,18:30:00,5606,5607,0.507613923,0
1,18:30:00,5605,5606,0.394200171,0
1,18:30:00,5603,5609,0.182098148,0
1,18:30:00,5602,5603,0.16538131,0
1,18:30:00,5601,5602,0.111929698,0
1,18:30:00,5600,5601,0.101995748,0
1,18:30:00,5599,5600,0.091021125,0
1,18:30:00,5650,2829,3.412209945,0
1,18:30:00,2829,8310,1.707079115,0
1,18:30:00,5588,5589,0.02343666,0
1,18:30:00,5589,5590,0.033324383,0
1,18:30:00,5590,5591,0.032400069,0
1,18:30:00,5591,5592,0.033691941,0
1,18:30:00,5592,5593,0.032942524,0
1,18:30:00,5593,5594,0.05190096,0
1,18:30:00,5594,5595,0.057421262,0
1,18:30:00,5547,5587,0.023182785,0
1,18:30:00,5595,5596,0.109913306,0
1,18:30:00,5596,5597,0.091818964,0
1,18:30:00,5597,5598,0.079240021,0
1,18:30:00,5598,5599,0.088059568,0
1,18:30:00,5587,5588,0.019904389,0
1,18:30:00,5586,5537,0.0011393,0
1,18:30:00,5609,5605,0.189414815,0
1,19:00:00,5586,5537,0.003437277,0
1,19:00:00,5602,5603,0.150472154,0
1,19:00:00,5601,5602,0.12144201,0
1,19:00:00,5600,5601,0.091134499,0
1,19:00:00,5599,5600,0.078383436,0
1,19:00:00,5598,5599,0.078700754,0
1,19:00:00,5597,5598,0.080410974,0
1,19:00:00,5596,5597,0.115010117,0
1,19:00:00,5595,5596,0.095808333,0
1,19:00:00,5594,5595,0.0617262,0
1,19:00:00,5593,5594,0.056045851,0
1,19:00:00,5592,5593,0.032614849,0
1,19:00:00,5591,5592,0.032032373,0
1,19:00:00,5590,5591,0.027647634,0
1,19:00:00,5589,5590,0.028237723,0
1,19:00:00,5588,5589,0.023203532,0
1,19:00:00,5587,5588,0.018700789,0
1,19:00:00,5547,5587,0.020124691,0
1,19:00:00,5546,5547,0.003894067,0
1,19:00:00,5544,5546,0.003752606,0
1,19:00:00,5543,5544,0.00438642,0
1,19:00:00,5542,5543,0.003883402,0
1,19:00:00,5541,5542,0.003600514,0
1,19:00:00,5540,5541,0.003596639,0
1,19:00:00,5539,5540,0.003585322,0
1,19:00:00,5538,5539,0.004227812,0
1,19:00:00,5537,5538,0.005572497,0
1,19:00:00,2829,8310,1.045614643,0.001964609
1,19:00:00,5603,5609,0.167283368,0
1,19:00:00,5605,5606,0.306913203,0
1,19:00:00,5606,5607,0.423622908,0
1,19:00:00,5607,5650,0.909037586,0
1,19:00:00,5609,5605,0.186992798,0
1,19:00:00,5650,2829,2.571962174,0.025225926
1,19:30:00,5596,5597,0.070964266,0
1,19:30:00,5595,5596,0.060811797,0
1,19:30:00,5594,5595,0.037403944,0
1,19:30:00,5593,5594,0.036756516,0
1,19:30:00,5592,5593,0.022254115,0
1,19:30:00,5591,5592,0.022081824,0
1,19:30:00,5590,5591,0.020201783,0
1,19:30:00,5589,5590,0.022218621,0
1,19:30:00,5588,5589,0.014634739,0
1,19:30:00,5587,5588,0.014033573,0
1,19:30:00,5586,5537,0.004506824,0
1,19:30:00,5600,5601,0.055682442,0
1,19:30:00,5601,5602,0.058771056,0
1,19:30:00,5602,5603,0.105396193,0
1,19:30:00,5603,5609,0.108393724,0
1,19:30:00,5605,5606,0.246729218,0
1,19:30:00,5606,5607,0.361816598,0
1,19:30:00,5607,5650,0.784922394,0
1,19:30:00,5547,5587,0.016311454,0
1,19:30:00,5539,5540,0.005428258,0
1,19:30:00,5540,5541,0.005380418,0
1,19:30:00,5541,5542,0.005182785,0
1,19:30:00,5542,5543,0.005581927,0
1,19:30:00,5543,5544,0.006872359,0
1,19:30:00,5544,5546,0.006832373,0
1,19:30:00,2829,8310,0.942620268,0
1,19:30:00,5537,5538,0.003991427,0
1,19:30:00,5538,5539,0.004297565,0
1,19:30:00,5650,2829,1.972425411,0
1,19:30:00,5609,5605,0.120130658,0
1,19:30:00,5599,5600,0.052331379,0
1,19:30:00,5546,5547,0.006966015,0
1,19:30:00,5598,5599,0.053553224,0
1,19:30:00,5597,5598,0.052605076,0
1,20:00:00,5590,5591,0.030753875,0
1,20:00:00,5650,2829,1.40319393,0
1,20:00:00,5609,5605,0.103641564,0
1,20:00:00,5607,5650,0.710155658,0
1,20:00:00,5606,5607,0.304568484,0
1,20:00:00,5605,5606,0.188334774,0
1,20:00:00,5603,5609,0.097227366,0
1,20:00:00,5602,5603,0.09451094,0
1,20:00:00,5601,5602,0.074357682,0
1,20:00:00,5600,5601,0.068644582,0
1,20:00:00,5599,5600,0.062216152,0
1,20:00:00,5598,5599,0.063004527,0
1,20:00:00,5597,5598,0.06605727,0
1,20:00:00,5596,5597,0.082517078,0
1,20:00:00,5595,5596,0.064303909,0
1,20:00:00,5594,5595,0.047030796,0
1,20:00:00,5593,5594,0.041891975,0
1,20:00:00,5592,5593,0.03072013,0
1,20:00:00,5591,5592,0.030276783,0
1,20:00:00,5589,5590,0.02798227,0
1,20:00:00,5588,5589,0.024128841,0
1,20:00:00,5587,5588,0.023418656,0
1,20:00:00,5586,5537,0.016358985,0
1,20:00:00,5547,5587,0.02433035,0
1,20:00:00,5546,5547,0.017445336,0
1,20:00:00,5544,5546,0.017219342,0
1,20:00:00,5543,5544,0.01719537,0
1,20:00:00,5542,5543,0.017395816,0
1,20:00:00,5541,5542,0.017051543,0
1,20:00:00,5540,5541,0.017278189,0
1,20:00:00,5539,5540,0.017609568,0
1,20:00:00,5538,5539,0.017292936,0
1,20:00:00,5537,5538,0.017141838,0
1,20:00:00,2829,8310,0.8022893,0
1,20:30:00,5606,5607,0.371212071,0
1,20:30:00,5605,5606,0.245963306,0
1,20:30:00,5603,5609,0.106151269,0
1,20:30:00,5602,5603,0.111894719,0
1,20:30:00,5601,5602,0.071578292,0
1,20:30:00,5600,5601,0.058358368,0
1,20:30:00,5599,5600,0.054350069,0
1,20:30:00,5598,5599,0.049997771,0
1,20:30:00,5597,5598,0.051085459,0
1,20:30:00,5596,5597,0.061803121,0
1,20:30:00,5595,5596,0.060008573,0
1,20:30:00,5594,5595,0.037918244,0
1,20:30:00,5593,5594,0.03666773,0
1,20:30:00,5592,5593,0.032916564,0
1,20:30:00,5591,5592,0.039633368,0
1,20:30:00,5590,5591,0.037618484,0
1,20:30:00,5589,5590,0.038591804,0
1,20:30:00,5588,5589,0.02853642,0
1,20:30:00,5587,5588,0.028733608,0
1,20:30:00,5586,5537,0.014264506,0
1,20:30:00,5547,5587,0.033967764,0
1,20:30:00,5546,5547,0.015268827,0
1,20:30:00,5544,5546,0.015135871,0
1,20:30:00,5543,5544,0.015603052,0
1,20:30:00,5542,5543,0.014636866,0
1,20:30:00,5541,5542,0.014718519,0
1,20:30:00,5540,5541,0.014818793,0
1,20:30:00,5539,5540,0.015333025,0
1,20:30:00,5538,5539,0.014175823,0
1,20:30:00,5650,2829,1.807115123,0
1,20:30:00,5609,5605,0.141788614,0
1,20:30:00,5607,5650,0.870164883,0
1,20:30:00,5537,5538,0.014206379,0
1,20:30:00,2829,8310,0.954111694,0
1,21:00:00,5607,5650,0.600137243,0
1,21:00:00,2829,8310,0.666355556,0
1,21:00:00,5537,5538,0.008188237,0
1,21:00:00,5538,5539,0.008044719,0
1,21:00:00,5539,5540,0.009508128,0
1,21:00:00,5540,5541,0.008996571,0
1,21:00:00,5541,5542,0.008598457,0
1,21:00:00,5542,5543,0.008141735,0
1,21:00:00,5543,5544,0.008509019,0
1,21:00:00,5544,5546,0.008147394,0
1,21:00:00,5546,5547,0.007928807,0
1,21:00:00,5547,5587,0.013056481,0
1,21:00:00,5586,5537,0.008471125,0
1,21:00:00,5587,5588,0.012085357,0
1,21:00:00,5588,5589,0.011975411,0
1,21:00:00,5589,5590,0.017840123,0
1,21:00:00,5590,5591,0.017752435,0
1,21:00:00,5591,5592,0.020541735,0
1,21:00:00,5592,5593,0.022905899,0
1,21:00:00,5593,5594,0.027452744,0
1,21:00:00,5594,5595,0.035977366,0
1,21:00:00,5595,5596,0.064854904,0
1,21:00:00,5596,5597,0.091467215,0
1,21:00:00,5597,5598,0.063959088,0
1,21:00:00,5598,5599,0.069478601,0
1,21:00:00,5599,5600,0.060042833,0
1,21:00:00,5600,5601,0.060630761,0
1,21:00:00,5601,5602,0.071047154,0
1,21:00:00,5602,5603,0.135304355,0
1,21:00:00,5603,5609,0.103524657,0
1,21:00:00,5605,5606,0.179494444,0
1,21:00:00,5606,5607,0.264120782,0
1,21:00:00,5609,5605,0.132110631,0
1,21:00:00,5650,2829,1.131641221,0
1,21:30:00,5650,2829,1.795619993,0
1,21:30:00,2829,8310,0.82210511,0
1,21:30:00,5537,5538,0.010358333,0
1,21:30:00,5538,5539,0.009944479,0
1,21:30:00,5539,5540,0.010390364,0
1,21:30:00,5540,5541,0.009833882,0
1,21:30:00,5541,5542,0.010108231,0
1,21:30:00,5542,5543,0.010167456,0
1,21:30:00,5543,5544,0.013424829,0
1,21:30:00,5544,5546,0.012979767,0
1,21:30:00,5546,5547,0.013016769,0
1,21:30:00,5547,5587,0.020578155,0
1,21:30:00,5586,5537,0.010807853,0
1,21:30:00,5587,5588,0.018944033,0
1,21:30:00,5588,5589,0.021202195,0
1,21:30:00,5589,5590,0.031511283,0
1,21:30:00,5590,5591,0.028939095,0
1,21:30:00,5591,5592,0.031270885,0
1,21:30:00,5592,5593,0.030669684,0
1,21:30:00,5593,5594,0.034287346,0
1,21:30:00,5594,5595,0.044232408,0
1,21:30:00,5595,5596,0.080523217,0
1,21:30:00,5596,5597,0.079289198,0
1,21:30:00,5597,5598,0.064815809,0
1,21:30:00,5598,5599,0.070746674,0
1,21:30:00,5599,5600,0.07428107,0
1,21:30:00,5600,5601,0.077112003,0
1,21:30:00,5601,5602,0.076258299,0
1,21:30:00,5602,5603,0.125621296,0
1,21:30:00,5603,5609,0.109240638,0
1,21:30:00,5605,5606,0.231820611,0
1,21:30:00,5606,5607,0.342410494,0
1,21:30:00,5607,5650,0.784063546,0
1,21:30:00,5609,5605,0.141881687,0
1,22:00:00,5541,5542,0.010192215,0
1,22:00:00,5650,2829,2.060828121,0
1,22:00:00,5609,5605,0.123818004,0
1,22:00:00,5607,5650,0.794991392,0
1,22:00:00,5606,5607,0.3564119,0
1,22:00:00,5605,5606,0.269178498,0
1,22:00:00,5603,5609,0.109925926,0
1,22:00:00,5602,5603,0.098420336,0
1,22:00:00,5601,5602,0.060177023,0
1,22:00:00,5600,5601,0.058404184,0
1,22:00:00,5599,5600,0.057538683,0
1,22:00:00,5598,5599,0.051438272,0
1,22:00:00,5597,5598,0.047998868,0
1,22:00:00,5596,5597,0.055277058,0
1,22:00:00,5595,5596,0.05501262,0
1,22:00:00,5594,5595,0.033810288,0
1,22:00:00,5593,5594,0.030029733,0
1,22:00:00,5592,5593,0.024905658,0
1,22:00:00,5591,5592,0.02451893,0
1,22:00:00,5590,5591,0.022158779,0
1,22:00:00,5589,5590,0.021886317,0
1,22:00:00,5588,5589,0.014017833,0
1,22:00:00,5587,5588,0.013000034,0
1,22:00:00,5586,5537,0.009300411,0
1,22:00:00,5547,5587,0.013266564,0
1,22:00:00,5546,5547,0.009657785,0
1,22:00:00,5544,5546,0.009146022,0
1,22:00:00,5543,5544,0.009591015,0
1,22:00:00,5542,5543,0.008280658,0
1,22:00:00,5540,5541,0.009999863,0
1,22:00:00,5539,5540,0.009921296,0
1,22:00:00,5538,5539,0.010922222,0
1,22:00:00,5537,5538,0.008375,0
1,22:00:00,2829,8310,0.838205041,0
1,22:30:00,5588,5589,0.009112174,0
1,22:30:00,5587,5588,0.008072256,0
1,22:30:00,5586,5537,0.004696708,0
1,22:30:00,5547,5587,0.010522737,0
1,22:30:00,5546,5547,0.00504249,0
1,22:30:00,5544,5546,0.005054115,0
1,22:30:00,5541,5542,0.003859671,0
1,22:30:00,5542,5543,0.004276509,0
1,22:30:00,5543,5544,0.005061866,0
1,22:30:00,2829,8310,0.660192901,0
1,22:30:00,5537,5538,0.003975926,0
1,22:30:00,5538,5539,0.004336317,0
1,22:30:00,5539,5540,0.004092181,0
1,22:30:00,5540,5541,0.004010803,0
1,22:30:00,5650,2829,1.266094959,0
1,22:30:00,5609,5605,0.087785837,0
1,22:30:00,5607,5650,0.755177263,0
1,22:30:00,5606,5607,0.241983779,0
1,22:30:00,5605,5606,0.151087997,0
1,22:30:00,5603,5609,0.074021262,0
1,22:30:00,5602,5603,0.071631516,0
1,22:30:00,5601,5602,0.044298971,0
1,22:30:00,5600,5601,0.040228498,0
1,22:30:00,5599,5600,0.031950857,0
1,22:30:00,5598,5599,0.030672256,0
1,22:30:00,5597,5598,0.030272085,0
1,22:30:00,5596,5597,0.034944067,0
1,22:30:00,5595,5596,0.027737483,0
1,22:30:00,5594,5595,0.013881241,0
1,22:30:00,5593,5594,0.01953858,0
1,22:30:00,5592,5593,0.01148203,0
1,22:30:00,5591,5592,0.012629973,0
1,22:30:00,5590,5591,0.016322565,0
1,22:30:00,5589,5590,0.016629835,0
1,23:00:00,5538,5539,0.003243519,0
1,23:00:00,5537,5538,0.003185391,0
1,23:00:00,2829,8310,0.534075137,0
1,23:00:00,5609,5605,0.058812929,0
1,23:00:00,5544,5546,0.003290021,0
1,23:00:00,5543,5544,0.003390775,0
1,23:00:00,5542,5543,0.003278395,0
1,23:00:00,5541,5542,0.003437277,0
1,23:00:00,5540,5541,0.003383025,0
1,23:00:00,5546,5547,0.003575,0
1,23:00:00,5547,5587,0.005501029,0
1,23:00:00,5586,5537,0.003092387,0
1,23:00:00,5587,5588,0.005836145,0
1,23:00:00,5588,5589,0.006090089,0
1,23:00:00,5589,5590,0.015341564,0
1,23:00:00,5590,5591,0.016021365,0
1,23:00:00,5591,5592,0.01978618,0
1,23:00:00,5592,5593,0.020078498,0
1,23:00:00,5593,5594,0.022958402,0
1,23:00:00,5594,5595,0.02238618,0
1,23:00:00,5595,5596,0.037025,0
1,23:00:00,5596,5597,0.049378429,0
1,23:00:00,5597,5598,0.040119376,0
1,23:00:00,5598,5599,0.047880933,0
1,23:00:00,5599,5600,0.042286008,0
1,23:00:00,5600,5601,0.040481756,0
1,23:00:00,5601,5602,0.048263203,0
1,23:00:00,5602,5603,0.063022531,0
1,23:00:00,5650,2829,0.72398299,0
1,23:00:00,5603,5609,0.05541701,0
1,23:00:00,5605,5606,0.098835905,0
1,23:00:00,5606,5607,0.126993999,0
1,23:00:00,5607,5650,0.356312654,0
1,23:00:00,5539,5540,0.003309396,0
1,23:30:00,5544,5546,0.002863752,0
1,23:30:00,5543,5544,0.002887003,0
1,23:30:00,5542,5543,0.002786248,0
1,23:30:00,5541,5542,0.002991633,0
1,23:30:00,5540,5541,0.003014883,0
1,23:30:00,5539,5540,0.002987757,0
1,23:30:00,5538,5539,0.002952881,0
1,23:30:00,5537,5538,0.002949006,0
1,23:30:00,2829,8310,0.489167318,0
1,23:30:00,5650,2829,0.58886118,0
1,23:30:00,5609,5605,0.036770988,0
1,23:30:00,5607,5650,0.216909294,0
1,23:30:00,5606,5607,0.105067421,0
1,23:30:00,5605,5606,0.071725,0
1,23:30:00,5603,5609,0.029723183,0
1,23:30:00,5602,5603,0.060365981,0
1,23:30:00,5601,5602,0.021518724,0
1,23:30:00,5600,5601,0.017250274,0
1,23:30:00,5599,5600,0.017496468,0
1,23:30:00,5598,5599,0.016356241,0
1,23:30:00,5597,5598,0.019665021,0
1,23:30:00,5596,5597,0.020089986,0
1,23:30:00,5595,5596,0.017637826,0
1,23:30:00,5594,5595,0.014040706,0
1,23:30:00,5593,5594,0.014177263,0
1,23:30:00,5592,5593,0.012778978,0
1,23:30:00,5591,5592,0.012918107,0
1,23:30:00,5590,5591,0.012440158,0
1,23:30:00,5589,5590,0.013028669,0
1,23:30:00,5588,5589,0.006870473,0
1,23:30:00,5587,5588,0.007061694,0
1,23:30:00,5586,5537,0.002859877,0
1,23:30:00,5547,5587,0.008410494,0
1,23:30:00,5546,5547,0.002809499,0
1,24:00:00,5591,5592,0.007679321,0
1,24:00:00,5592,5593,0.00786725,0
1,24:00:00,5593,5594,0.00919249,0
1,24:00:00,5594,5595,0.009756413,0
1,24:00:00,5595,5596,0.01080463,0
1,24:00:00,5596,5597,0.012670542,0
1,24:00:00,5597,5598,0.01353275,0
1,24:00:00,5598,5599,0.013643141,0
1,24:00:00,5599,5600,0.014055899,0
1,24:00:00,5600,5601,0.013738134,0
1,24:00:00,5587,5588,0.010564746,0
1,24:00:00,5586,5537,0.001650823,0
1,24:00:00,5547,5587,0.010248868,0
1,24:00:00,5546,5547,0.000781344,0
1,24:00:00,5544,5546,0.000878224,0
1,24:00:00,5543,5544,0.001002229,0
1,24:00:00,5542,5543,0.001068107,0
1,24:00:00,5650,2829,0.361602263,0
1,24:00:00,5609,5605,0.024635117,0
1,24:00:00,5607,5650,0.143526852,0
1,24:00:00,5606,5607,0.084787003,0
1,24:00:00,5605,5606,0.067736728,0
1,24:00:00,5603,5609,0.021567867,0
1,24:00:00,5602,5603,0.026030178,0
1,24:00:00,5601,5602,0.01533666,0
1,24:00:00,5541,5542,0.001600446,0
1,24:00:00,5540,5541,0.001472565,0
1,24:00:00,5539,5540,0.001681824,0
1,24:00:00,5538,5539,0.001720576,0
1,24:00:00,5537,5538,0.001488066,0
1,24:00:00,2829,8310,0.289598457,0
1,24:00:00,5588,5589,0.005615981,0
1,24:00:00,5589,5590,0.006598148,0
1,24:00:00,5590,5591,0.006592318,0
1,24:30:00,5590,5591,0.001366529,0
1,24:30:00,5588,5589,0.001232853,0
1,24:30:00,5587,5588,0.001230418,0
1,24:30:00,5586,5537,0.001844582,0
1,24:30:00,5547,5587,0.001246399,0
1,24:30:00,5546,5547,0.001212311,0
1,24:30:00,5544,5546,0.001419513,0
1,24:30:00,5543,5544,0.001420302,0
1,24:30:00,5542,5543,0.00146989,0
1,24:30:00,5541,5542,0.001860082,0
1,24:30:00,5538,5539,0.001891084,0
1,24:30:00,5537,5538,0.001894959,0
1,24:30:00,2829,8310,0.091294479,0
1,24:30:00,5650,2829,0.062155007,0
1,24:30:00,5609,5605,0.007002401,0
1,24:30:00,5607,5650,0.033264712,0
1,24:30:00,5606,5607,0.021896468,0
1,24:30:00,5605,5606,0.015181619,0
1,24:30:00,5603,5609,0.005387963,0
1,24:30:00,5602,5603,0.005997016,0
1,24:30:00,5601,5602,0.004587723,0
1,24:30:00,5600,5601,0.004262894,0
1,24:30:00,5599,5600,0.002716015,0
1,24:30:00,5598,5599,0.002703121,0
1,24:30:00,5597,5598,0.002177229,0
1,24:30:00,5596,5597,0.002953738,0
1,24:30:00,5595,5596,0.002214712,0
1,24:30:00,5594,5595,0.001701749,0
1,24:30:00,5593,5594,0.001734191,0
1,24:30:00,5592,5593,0.001672668,0
1,24:30:00,5591,5592,0.001821399,0
1,24:30:00,5589,5590,0.001249794,0
1,24:30:00,5540,5541,0.001867833,0
1,24:30:00,5539,5540,0.001801955,0
1,25:00:00,5650,2829,0.000592901,0
1,25:00:00,5609,5605,,0
1,25:00:00,5607,5650,,0
1,25:00:00,5606,5607,,0
1,25:00:00,5605,5606,,0
1,25:00:00,5603,5609,,0
1,25:00:00,5602,5603,,0
1,25:00:00,5601,5602,,0
1,25:00:00,5591,5592,,0
1,25:00:00,5590,5591,,0
1,25:00:00,5589,5590,,0
1,25:00:00,5588,5589,,0
1,25:00:00,2829,8310,0,0
1,25:00:00,5600,5601,,0
1,25:00:00,5599,5600,,0
1,25:00:00,5598,5599,,0
1,25:00:00,5597,5598,,0
1,25:00:00,5596,5597,,0
1,25:00:00,5595,5596,,0
1,25:00:00,5594,5595,,0
1,25:00:00,5593,5594,,0
1,25:00:00,5592,5593,,0
